"","LastName","FirstName","State","Party","Amount.oil.115","Amount.coal.115","Amount.mining.115","Amount.gas.115","Amount.env.115","Amount.alt_en.115","member_id","Alias"
"1","Adams","Alma","NC","D",0,0,0,0,8508,250,"A000370",NA
"2","Aderholt","Robert B","AL","R",19200,8000,9000,0,0,0,"A000055",NA
"3","Aguilar","Pete","CA","D",1103,0,0,1100,30846,755,"A000371",NA
"4","Allen","Richard W","GA","R",15500,0,0,0,0,0,"A000372",NA
"5","Amash","Justin","MI","R",22650,0,0,0,0,0,"A000367",NA
"6","Amodei","Mark","NV","R",10000,0,38450,2000,0,0,"A000369",NA
"7","Arrington","Jodey","TX","R",84925,0,500,4000,1000,12050,"A000375",NA
"8","Babin","Brian","TX","R",53650,0,4700,7700,1000,0,"B001291",NA
"9","Bacon","Donald John","NE","R",24950,0,0,100,0,6200,"B001298",NA
"10","Balderson","Troy","OH","R",0,0,0,0,0,0,"B001306",NA
"11","Banks","Jim","IN","R",28035,0,2000,500,57650,0,"B001299",NA
"12","Barletta","Lou","PA","R",34550,4200,4950,9000,0,0,"B001269",NA
"13","Barr","Andy","KY","R",38500,87200,98050,3000,0,0,"B001282",NA
"14","Barragan","Nanette","CA","D",336,0,2,142,40486,314,"B001300",NA
"15","Barton","Joe","TX","R",234282,4500,6500,18450,0,0,"B000213",NA
"16","Bass","Karen","CA","D",1000,0,5000,0,8700,0,"B001270",NA
"17","Beatty","Joyce","OH","D",5550,0,0,1500,0,0,"B001281",NA
"18","Bera","Ami","CA","D",3095,0,0,2745,44633,4815,"B001287",NA
"19","Bergman","John","MI","R",33600,0,4000,0,0,4000,"B001301",NA
"20","Beutler Herrera","Jaime","WA","R",0,0,0,0,0,0,"H001056",NA
"21","Beyer","Don","VA","D",22850,0,0,11600,5218,8400,"B001292",NA
"22","Biggs","Andy","AZ","R",8000,0,5000,1000,0,0,"B001302",NA
"23","Bilirakis","Gus","FL","R",23700,0,0,0,0,0,"B001257",NA
"24","Bishop","Mike","MI","R",20400,0,1000,0,0,0,"B001293",NA
"25","Bishop","Rob","UT","R",151516,8000,28750,25750,14750,2000,"B001250",NA
"26","Bishop","Sanford","GA","D",14000,3000,7000,0,0,1000,"B000490",NA
"27","Black","Diane","TN","R",43250,0,0,3000,1000,1000,"B001273",NA
"28","Blackburn","Marsha","TN","R",85900,500,500,13500,0,0,"B001243",NA
"29","Blum","Rod","IA","R",21900,0,0,900,0,14050,"B001294",NA
"30","Blumenauer","Earl","OR","D",3900,0,0,3650,10650,17200,"B000574",NA
"31","Bonamici","Suzanne","OR","D",8150,0,0,2750,9358,0,"B001278",NA
"32","Bost","Mike","IL","R",30250,27050,33400,2500,0,1000,"B001295",NA
"33","Boyle","Brendan","PA","D",3750,0,0,3000,6899,0,"B001296",NA
"34","Brady","Kevin","TX","R",415650,0,0,82500,0,14700,"B000755",NA
"35","Brady","Robert A","PA","D",28875,0,0,0,0,0,"B001227",NA
"36","Brat","Dave","VA","R",7000,0,0,2000,0,2250,"B001290",NA
"37","Brooks","Mo","AL","R",0,0,0,0,0,0,"B001274",NA
"38","Brooks","Susan","IN","R",35200,1750,2750,1000,2000,5000,"B001284",NA
"39","Brown","Anthony","MD","D",4500,0,0,1000,3275,6650,"B001304",NA
"40","Brownley","Julia","CA","D",1143,90,90,50,25623,1425,"B001285",NA
"41","Buchanan","Vernon","FL","R",5500,0,0,2000,500,0,"B001260",NA
"42","Buck","Ken","CO","R",64950,2300,6300,5500,0,2500,"B001297",NA
"43","Bucshon","Larry","IN","R",17000,19000,22500,0,0,5000,"B001275",NA
"44","Budd","Ted","NC","R",0,0,0,0,0,0,"B001305",NA
"45","Burgess","Michael","TX","R",43100,0,0,0,0,0,"B001248",NA
"46","Bustos","Cheri","IL","D",12140,0,0,4000,16006,17205,"B001286",NA
"47","Butterfield","G K","NC","D",15500,0,0,3000,2500,2000,"B001251",NA
"48","Byrne","Bradley","AL","R",33450,10400,10900,4000,0,0,"B001289",NA
"49","Calvert","Ken","CA","R",62500,9500,20000,4000,0,7900,"C000059",NA
"50","Capuano","Michael E","MA","D",21500,0,1000,2100,1500,0,"C001037",NA
"51","Carbajal","Salud","CA","D",5675,0,250,0,40137,500,"C001112",NA
"52","Cardenas","Tony","CA","D",24800,0,0,7300,6200,1500,"C001097",NA
"53","Carson","Andre","IN","D",1250,0,0,0,0,1000,"C001072",NA
"54","Carter","Buddy","GA","R",13500,0,0,1000,0,0,"C001103",NA
"55","Carter","John","TX","R",16700,0,0,0,0,0,"C001051",NA
"56","Cartwright","Matt","PA","D",2500,0,0,1000,13671,0,"C001090",NA
"57","Castor","Kathy","FL","D",0,0,0,0,3100,0,"C001066",NA
"58","Castro","Joaquin","TX","D",25600,0,0,2500,2000,0,"C001091",NA
"59","Chabot","Steve","OH","R",2100,0,0,1000,750,0,"C000266",NA
"60","Cheney","Liz","WY","R",124775,9000,12000,2500,0,0,"C001109",NA
"61","Chu","Judy","CA","D",0,0,0,0,3200,0,"C001080",NA
"62","Cicilline","David","RI","D",0,0,0,0,2000,1500,"C001084",NA
"63","Clark","Katherine","MA","D",7503,0,0,1000,9575,1300,"C001101",NA
"64","Clarke","Yvette","NY","D",2000,0,0,0,2000,0,"C001067",NA
"65","Clay","William L Jr","MO","D",4000,0,0,0,2000,0,"C001049",NA
"66","Cleaver","Emanuel","MO","D",1000,0,0,0,2000,0,"C001061",NA
"67","Cloud","Michael","TX","R",0,0,0,0,0,0,"C001115",NA
"68","Clyburn","James E","SC","D",13430,0,0,3000,1250,1500,"C000537",NA
"69","Coffman","Mike","CO","R",193244,15900,36250,4450,500,1000,"C001077",NA
"70","Cohen","Steve","TN","D",0,0,0,0,500,500,"C001068",NA
"71","Cole","Tom","OK","R",125750,17200,19200,13700,0,5000,"C001053",NA
"72","Watson Coleman","Bonnie","NJ","D",0,0,0,0,0,0,"W000822",NA
"73","Collins","Chris","NY","R",63950,0,0,22000,0,0,"C001092",NA
"74","Collins","Doug","GA","R",30250,0,0,1600,0,0,"C001093",NA
"75","Comer","James","KY","R",13350,21251,23251,0,0,0,"C001108",NA
"76","Comstock","Barbara","VA","R",75975,4450,9450,19000,0,0,"C001105",NA
"77","Conaway","Mike","TX","R",146547,3500,3500,250,0,1500,"C001062",NA
"78","Connolly","Gerry","VA","D",3800,0,0,3750,4665,2000,"C001078",NA
"79","Cook","Paul","CA","R",18000,0,2750,13500,0,5400,"C001094",NA
"80","Cooper","Jim","TN","D",3500,0,0,1000,0,2700,"C000754",NA
"81","Correa","Lou","CA","D",19500,0,0,0,250,5500,"C001110",NA
"82","Costa","Jim","CA","D",95525,3500,6500,21000,2000,2000,"C001059",NA
"83","Costello","Ryan","PA","R",36250,0,1500,9500,5400,1000,"C001106",NA
"84","Courtney","Joe","CT","D",3000,0,0,2000,5550,0,"C001069",NA
"85","Cramer","Kevin","ND","R",216200,26000,30000,23500,0,15000,"C001096",NA
"86","Crawford","Rick","AR","R",6250,0,0,3000,0,0,"C001087",NA
"87","Crist","Charlie","FL","D",13500,0,0,0,24201,1002,"C001111",NA
"88","Crowley","Joseph","NY","D",18000,0,500,6000,3500,1285,"C001038",NA
"89","Cuellar","Henry","TX","D",162952,1000,4800,22500,0,0,"C001063",NA
"90","Culberson","John","TX","R",133625,0,0,22825,0,0,"C001048",NA
"91","Cummings","Elijah E","MD","D",5000,0,0,0,5052,0,"C000984",NA
"92","Curbelo","Carlos","FL","R",55400,0,0,4000,10750,4700,"C001107",NA
"93","Curtis","John","UT","R",0,0,0,0,0,0,"C001114",NA
"94","Davidson","Warren","OH","R",5416,0,1002,25,100,0,"D000626",NA
"95","Davis","Danny K","IL","D",2000,0,0,0,1000,6000,"D000096",NA
"96","Davis","Rodney","IL","R",61750,5100,8100,15500,0,15000,"D000619",NA
"97","Davis","Susan","CA","D",0,0,0,0,5200,500,"D000598",NA
"98","DeFazio","Peter","OR","D",5500,0,0,0,3112,0,"D000191",NA
"99","DeGette","Diana","CO","D",0,0,1000,0,11150,0,"D000197",NA
"100","Delaney","John K","MD","D",3500,0,0,3500,11438,0,"D000620",NA
"101","DeLauro","Rosa","CT","D",0,0,4575,0,5000,0,"D000216",NA
"102","DelBene","Suzan","WA","D",10000,0,0,0,33957,0,"D000617",NA
"103","Demings","Val","FL","D",6,0,0,6,9472,-150,"D000627",NA
"104","Denham","Jeff","CA","R",189499,1000,6200,42999,0,2500,"D000612",NA
"105","Desaulnier","Mark","CA","D",8000,0,0,0,3750,0,"D000623",NA
"106","Desjarlais","Scott","TN","R",8400,800,800,0,0,0,"D000616",NA
"107","Deutch","Ted","FL","D",3500,0,0,0,2500,0,"D000610",NA
"108","Diaz-Balart","Mario","FL","R",6000,0,0,3500,1000,0,"D000600",NA
"109","Dingell","Debbie","MI","D",14200,0,0,4000,5027,250,"D000624",NA
"110","Doggett","Lloyd","TX","D",10800,0,0,0,2750,3700,"D000399",NA
"111","Donovan","Dan","NY","R",26000,0,0,1000,0,0,"D000625","Jr."
"112","Doyle","Mike","PA","D",26000,0,1500,19000,2477,0,"D000482",NA
"113","Duffy","Sean P","WI","R",22495,0,1000,2000,0,2500,"D000614",NA
"114","Duncan","Jeff","SC","R",44750,0,0,10500,5000,0,"D000615",NA
"115","Duncan","John J Jr","TN","R",12500,1500,1500,0,0,500,"D000534",NA
"116","Dunn","Neal","FL","R",500,0,0,0,0,0,"D000628",NA
"117","Ellison","Keith","MN","D",7663,0,0,0,17245,10,"E000288",NA
"118","Emmer","Tom","MN","R",10950,0,1000,300,0,8000,"E000294",NA
"119","Engel","Eliot","NY","D",11200,0,2700,0,1000,1000,"E000179",NA
"120","Eshoo","Anna","CA","D",0,0,0,0,14500,4700,"E000215",NA
"121","Espaillat","Adriano","NY","D",500,0,0,0,1022,0,"E000297",NA
"122","Estes","Ron","KS","R",0,0,0,0,0,0,"E000298",NA
"123","Esty","Elizabeth","CT","D",3700,0,1600,3700,27659,1000,"E000293",NA
"124","Evans","Dwight","PA","D",5400,0,0,0,2750,5400,"E000296",NA
"125","Faso","John","NY","R",58575,1000,1000,7500,0,1750,"F000464",NA
"126","Ferguson","Drew","GA","R",11750,0,0,2500,0,0,"F000465",NA
"127","Fitzpatrick","Brian","PA","R",31400,0,0,9000,500,0,"F000466",NA
"128","Fleischmann","Chuck","TN","R",17200,3000,5000,4500,0,0,"F000459",NA
"129","Flores","Bill","TX","R",223400,500,3500,17500,1000,0,"F000461",NA
"130","Fortenberry","Jeff","NE","R",500,0,0,0,6400,2000,"F000449",NA
"131","Foster","Bill","IL","D",19350,0,0,5400,28519,4200,"F000454",NA
"132","Foxx","Virginia","NC","R",19250,2000,4500,5000,0,0,"F000450",NA
"133","Frankel","Lois","FL","D",1000,0,5,0,3910,0,"F000462",NA
"134","Frelinghuysen","Rodney","NJ","R",23000,2000,5000,5500,0,0,"F000372",NA
"135","Fudge","Marcia","OH","D",-600,0,0,1000,1000,0,"F000455",NA
"136","Gabbard","Tulsi","HI","D",6800,0,0,0,5000,8195,"G000571",NA
"137","Gaetz","Matt","FL","R",6000,0,0,0,0,0,"G000578",NA
"138","Gallagher","Mike","WI","R",36900,0,2000,0,0,1000,"G000579",NA
"139","Gallego","Ruben","AZ","D",3000,0,0,1500,9960,11231,"G000574",NA
"140","Garamendi","John","CA","D",1000,0,0,1000,5327,6400,"G000559",NA
"141","Garrett","Tom","VA","R",15400,2700,2700,2000,0,0,"G000580","Jr."
"142","Gianforte","Greg","MT","R",0,0,0,0,0,0,"G000584",NA
"143","Gibbs","Bob","OH","R",34000,2000,8000,2000,1000,3500,"G000563",NA
"144","Gohmert","Louis B Jr","TX","R",23750,0,1000,1250,0,0,"G000552",NA
"145","Gomez","Jimmy","CA","D",1500,0,0,1500,1000,1000,"G000585",NA
"146","Gonzalez","Vicente","TX","D",1000,0,0,0,2500,0,"G000581",NA
"147","Goodlatte","Bob","VA","R",39950,0,0,5450,0,0,"G000289",NA
"148","Gosar","Paul","AZ","R",6000,3000,23750,1000,250,250,"G000565",NA
"149","Gottheimer","Josh","NJ","D",30303,0,0,5400,27509,19404,"G000583",NA
"150","Gowdy","Trey","SC","R",28700,0,0,1000,0,0,"G000566",NA
"151","Granger","Kay","TX","R",72350,0,0,0,0,1000,"G000377",NA
"152","Graves","Garret","LA","R",169499,0,7250,35000,20550,2500,"G000577",NA
"153","Graves","Sam","MO","R",16500,1000,1000,3000,0,7000,"G000546",NA
"154","Graves","Tom","GA","R",33800,0,20700,3000,0,0,"G000560",NA
"155","Green","Al","TX","D",24200,0,0,0,0,0,"G000553",NA
"156","Green","Gene","TX","D",107700,0,0,41500,0,0,"G000410",NA
"157","Griffith","Morgan","VA","R",38568,26100,32850,3500,0,0,"G000568",NA
"158","Grijalva","Raul M","AZ","D",3,0,0,0,17218,501,"G000551",NA
"159","Grisham Lujan","Michelle","NM","D",0,0,0,0,0,0,"L000580",NA
"160","Grothman","Glenn","WI","R",22150,0,0,0,0,500,"G000576",NA
"161","Guthrie","Brett","KY","R",57500,11700,12700,8000,0,0,"G000558",NA
"162","Gutierrez","Luis V","IL","D",0,0,0,0,2117,0,"G000535",NA
"163","Hanabusa","Colleen","HI","D",3500,0,0,0,0,2000,"H001050",NA
"164","Handel","Karen","GA","R",0,0,0,0,0,0,"H001078",NA
"165","Harper","Gregg","MS","R",60550,0,1000,8500,0,0,"H001045",NA
"166","Harris","Andy","MD","R",20500,2000,5000,2000,250,0,"H001052",NA
"167","Hartzler","Vicky","MO","R",9400,2000,2000,3000,0,-2500,"H001053",NA
"168","Hastings","Alcee","FL","D",0,0,0,0,2000,0,"H000324",NA
"169","Heck","Dennis","WA","D",1000,0,0,0,8250,3000,"H001064",NA
"170","Hensarling","Jeb","TX","R",70000,0,0,8900,0,0,"H001036",NA
"171","Hern","Kevin","OK","R",0,0,0,0,0,0,"H001082",NA
"172","Hice","Jody","GA","R",5000,0,3000,2000,2000,2600,"H001071",NA
"173","Higgins","Brian M","NY","D",9850,0,0,8850,1000,3500,"H001038",NA
"174","Higgins","Clay","LA","R",7750,0,0,0,0,0,"H001077",NA
"175","Hill","French","AR","R",34950,0,0,7700,750,0,"H001072",NA
"176","Himes","Jim","CT","D",3000,0,2600,3000,5209,25,"H001047",NA
"177","Holding","George","NC","R",54082,1000,1000,5500,0,22700,"H001065",NA
"178","Hollingsworth","Trey","IN","R",13500,2000,4000,0,0,0,"H001074",NA
"179","Hoyer","Steny H","MD","D",40500,0,0,15000,2288,4500,"H000874",NA
"180","Hudson","Richard","NC","R",90900,0,3500,15200,0,0,"H001067",NA
"181","Huffman","Jared","CA","D",5000,120,120,5000,27849,1025,"H001068",NA
"182","Huizenga","Bill","MI","R",17750,0,1000,0,0,0,"H001058",NA
"183","Hultgren","Randy","IL","R",18000,1000,1000,11000,0,0,"H001059",NA
"184","Hunter","Duncan D","CA","R",10500,0,0,1000,0,0,"H001048",NA
"185","Hurd","Will","TX","R",337089,1000,3500,20900,0,2950,"H001073",NA
"186","Issa","Darrell","CA","R",45000,1000,2000,16100,0,0,"I000056",NA
"187","Jackson Lee","Sheila","TX","D",0,0,0,0,0,0,"J000032",NA
"188","Jayapal","Pramila","WA","D",528,1600,1600,0,12350,300,"J000298",NA
"189","Jeffries","Hakeem","NY","D",1000,0,0,0,2000,0,"J000294",NA
"190","Jenkins","Evan","WV","R",42600,28600,51200,3000,0,0,"J000297",NA
"191","Jenkins","Lynn","KS","R",88700,0,13300,11000,0,6750,"J000290",NA
"192","Johnson","Bill","OH","R",127950,25800,38800,40000,1000,12500,"J000292",NA
"193","Johnson","Eddie Bernice","TX","D",4000,0,0,0,2500,0,"J000126",NA
"194","Johnson","Hank","GA","D",0,0,0,0,3500,0,"J000288",NA
"195","Johnson","Mike","LA","R",64300,0,1000,3000,8100,0,"J000299",NA
"196","Johnson","Sam","TX","R",37050,0,0,5700,0,1000,"J000174",NA
"197","Jones","Brenda","MI","D",0,0,0,0,0,0,"J000303",NA
"198","Jones","Walter B Jr","NC","R",13500,0,0,500,0,0,"J000255","Jr."
"199","Jordan","Jim","OH","R",16000,0,2000,1000,0,0,"J000289",NA
"200","Joyce","David P","OH","R",29850,13900,38100,3500,3000,2200,"J000295",NA
"201","Kaptur","Marcy","OH","D",8500,0,2000,4000,1000,3000,"K000009",NA
"202","Katko","John","NY","R",64950,0,0,9000,250,1000,"K000386",NA
"203","Keating","Bill","MA","D",8250,0,0,3000,4000,0,"K000375",NA
"204","Kelly","Mike","PA","R",76412,37100,40850,21412,0,0,"K000376",NA
"205","Kelly","Robin","IL","D",5500,0,0,0,2000,500,"K000385",NA
"206","Kelly","Trent","MS","R",27450,2700,2700,3000,0,0,"K000388",NA
"207","Kennedy","Joe III","MA","D",15600,0,0,2000,19750,2750,"K000379","III"
"208","Khanna","Ro","CA","D",2700,0,0,0,5400,1000,"K000389",NA
"209","Kihuen","Ruben","NV","D",2144,0,2500,500,59040,1007,"K000390",NA
"210","Kildee","Dan","MI","D",500,0,0,0,3573,1500,"K000380",NA
"211","Kilmer","Derek","WA","D",5950,0,0,0,38079,250,"K000381",NA
"212","Kind","Ron","WI","D",7500,0,0,1000,4775,2000,"K000188",NA
"213","King","Pete","NY","R",8400,0,0,0,0,0,"K000210",NA
"214","King","Steven A","IA","R",4150,0,0,0,0,19050,"K000362",NA
"215","Kinzinger","Adam","IL","R",67250,1000,4000,16500,0,21200,"K000378",NA
"216","Knight","Steve","CA","R",50400,0,850,0,0,0,"K000387",NA
"217","Krishnamoorthi","Raja","IL","D",15475,0,0,0,24665,6750,"K000391",NA
"218","Kuster","Ann","NH","D",5,0,0,0,42911,12965,"K000382",NA
"219","Kustoff","David","TN","R",14100,0,0,0,0,0,"K000392",NA
"220","Labrador","Raul","ID","R",14900,250,3750,5500,2000,0,"L000573",NA
"221","LaHood","Darin","IL","R",56050,5050,7050,14700,0,31600,"L000585",NA
"222","LaMalfa","Doug","CA","R",27550,0,0,10250,0,0,"L000578",NA
"223","Lamb","Conor","PA","D",0,0,0,0,0,0,"L000588",NA
"224","Lamborn","Doug","CO","R",67377,15500,38000,8500,1000,0,"L000564",NA
"225","Lance","Leonard","NJ","R",26200,0,0,7000,0,0,"L000567",NA
"226","Langevin","Jim","RI","D",500,0,0,0,2000,2000,"L000559",NA
"227","Larsen","Rick","WA","D",34500,0,0,14000,3000,0,"L000560",NA
"228","Larson","John","CT","D",11000,0,0,3000,2500,0,"L000557",NA
"229","Latta","Bob","OH","R",78750,0,0,7500,0,1250,"L000566",NA
"230","Lawrence","Brenda","MI","D",100,0,0,0,4000,0,"L000581",NA
"231","Lawson","Al","FL","D",0,0,0,0,1012,0,"L000586","Jr."
"232","Lee","Barbara","CA","D",2700,0,0,0,17098,0,"L000551",NA
"233","Lesko","Debbie","AZ","R",0,0,0,0,0,0,"L000589",NA
"234","Levin","Sander","MI","D",2000,0,0,2000,4750,2000,"L000263",NA
"235","Lewis","Jason","MN","R",14900,0,0,0,0,0,"L000587",NA
"236","Lewis","John","GA","D",1500,0,0,0,2000,300,"L000287",NA
"237","Lieu","Ted","CA","D",0,0,0,0,7950,0,"L000582",NA
"238","Lipinski","Daniel","IL","D",6500,0,0,0,0,0,"L000563",NA
"239","LoBiondo","Frank","NJ","R",11000,0,0,5500,4500,0,"L000554",NA
"240","Loebsack","David","IA","D",7250,0,2500,4500,13750,20000,"L000565",NA
"241","Lofgren","Zoe","CA","D",3700,0,0,0,17100,6400,"L000397",NA
"242","Long","Billy","MO","R",45000,2500,6000,5500,0,0,"L000576",NA
"243","Loudermilk","Barry","GA","R",15250,0,0,1000,0,0,"L000583",NA
"244","Love","Mia","UT","R",68686,0,3000,3800,200,2300,"L000584",NA
"245","Lowenthal","Alan","CA","D",11000,0,1000,2000,7223,100,"L000579",NA
"246","Lowey","Nita M","NY","D",0,0,0,0,13316,0,"L000480",NA
"247","Lucas","Frank D","OK","R",62050,0,1000,6000,0,3500,"L000491",NA
"248","Luetkemeyer","Blaine","MO","R",6000,6400,8400,3000,0,5500,"L000569",NA
"249","Lujan","Ben Ray","NM","D",28000,2000,9500,12000,9525,6000,"L000570",NA
"250","Lynch","Stephen","MA","D",2500,0,0,0,0,4200,"L000562",NA
"251","MacArthur","Thomas","NJ","R",26600,0,0,15900,1500,1000,"M001193",NA
"252","Maloney","Carolyn","NY","D",10805,0,0,5,2500,0,"M000087",NA
"253","Maloney","Sean Patrick","NY","D",7500,0,0,4000,9406,750,"M001185",NA
"254","Marchant","Kenny","TX","R",86450,0,0,15700,0,0,"M001158",NA
"255","Marino","Tom","PA","R",17750,2950,2950,4250,0,10000,"M001179",NA
"256","Marshall","Roger","KS","R",23000,0,0,6000,0,25000,"M001198",NA
"257","Massie","Thomas","KY","R",14000,1000,1000,0,0,0,"M001184",NA
"258","Mast","Brian","FL","R",14700,0,0,0,0,125,"M001199",NA
"259","Matsui","Doris","CA","D",14500,0,0,1000,6200,0,"M001163",NA
"260","McCarthy","Kevin","CA","R",355050,15700,30700,24800,1000,20800,"M001165",NA
"261","McCaul","Michael","TX","R",111150,0,2000,17100,0,0,"M001157",NA
"262","McClintock","Tom","CA","R",20900,0,0,4000,0,0,"M001177",NA
"263","McCollum","Betty","MN","D",0,0,0,0,10000,650,"M001143",NA
"264","McEachin","Donald","VA","D",3000,0,0,3000,15405,1100,"M001200",NA
"265","McGovern","James P","MA","D",6010,0,0,0,9480,0,"M000312",NA
"266","McHenry","Patrick","NC","R",69250,0,0,6500,0,0,"M001156",NA
"267","McKinley","David","WV","R",80000,37700,70150,17000,0,0,"M001180",NA
"268","McNerney","Jerry","CA","D",4500,0,0,2000,46457,18750,"M001166",NA
"269","McSally","Martha","AZ","R",77161,0,13325,1500,125,1200,"M001197",NA
"270","Meadows","Mark","NC","R",12800,0,0,0,0,0,"M001187",NA
"271","Meeks","Gregory","NY","D",2500,0,0,0,0,0,"M001137",NA
"272","Meng","Grace","NY","D",1500,0,0,0,1000,500,"M001188",NA
"273","Messer","Luke","IN","R",43400,0,31200,2000,0,2500,"M001189",NA
"274","Mitchell","Paul","MI","R",2750,0,0,0,0,5000,"M001201",NA
"275","Moolenaar","John","MI","R",10050,0,0,0,0,1000,"M001194",NA
"276","Mooney","Alex","WV","R",35200,20726,31126,9000,0,250,"M001195",NA
"277","Moore","Gwen","WI","D",0,0,0,0,2000,0,"M001160",NA
"278","Morelle","Joseph D","NY","D",0,0,0,0,0,0,"M001206",NA
"279","Moulton","Seth","MA","D",5500,0,0,1000,13100,1000,"M001196",NA
"280","Mullin","Markwayne","OK","R",227850,10000,11000,36800,0,0,"M001190",NA
"281","Murphy","Stephanie","FL","D",5430,0,0,0,26440,50,"M001202",NA
"282","Nadler","Jerrold","NY","D",5650,0,0,0,7550,0,"N000002",NA
"283","Napolitano","Grace","CA","D",5000,0,0,5000,2651,0,"N000179",NA
"284","Neal","Richard E","MA","D",7000,0,0,3500,1000,0,"N000015",NA
"285","Newhouse","Dan","WA","R",30400,4000,8000,5150,0,250,"N000189",NA
"286","Noem","Kristi","SD","R",77150,250,2750,0,500,25800,"N000184",NA
"287","Nolan","Rick","MN","D",1570,0,18941,1041,14667,3870,"N000127",NA
"288","Norcross","Don","NJ","D",21700,0,2700,7000,1000,0,"N000188",NA
"289","Norman","Ralph","SC","R",0,0,0,0,0,0,"N000190",NA
"290","Nunes","Devin","CA","R",73500,2000,3000,8500,0,250,"N000181",NA
"291","O'Halleran","Tom","AZ","D",250,0,0,0,0,250,"O000171",NA
"292","O'Rourke","Beto","TX","D",250,0,0,250,0,0,"O000170",NA
"293","Olson","Pete","TX","R",221200,1000,2000,49800,0,7700,"O000168",NA
"294","Palazzo","Steven","MS","R",41200,0,1000,3500,0,0,"P000601",NA
"295","Pallone","Frank Jr","NJ","D",22900,0,500,13400,4090,12000,"P000034",NA
"296","Palmer","Gary","AL","R",17300,13300,13300,0,0,0,"P000609",NA
"297","Panetta","Jimmy","CA","D",500,0,0,0,17100,0,"P000613",NA
"298","Pascrell","Bill Jr","NJ","D",2750,0,0,1000,2000,7000,"P000096",NA
"299","Paulsen","Erik","MN","R",61799,0,1000,3700,0,2000,"P000594",NA
"300","Payne","Donald M Jr","NJ","D",3000,0,0,0,0,1000,"P000604",NA
"301","Pearce","Steve","NM","R",271906,1000,25400,10000,0,0,"P000588",NA
"302","Pelosi","Nancy","CA","D",2393,0,0,905,19295,7233,"P000197",NA
"303","Perlmutter","Ed","CO","D",11950,0,5250,0,9250,1000,"P000593",NA
"304","Perry","Scott","PA","R",35000,0,0,10500,0,0,"P000605",NA
"305","Peters","Scott","CA","D",9400,0,0,5900,27449,10050,"P000608",NA
"306","Peterson","Collin","MN","D",35575,1500,4500,0,0,23500,"P000258",NA
"307","Pingree","Chellie","ME","D",0,0,0,0,7420,1000,"P000597",NA
"308","Pittenger","Robert","NC","R",18900,0,0,13900,0,0,"P000606",NA
"309","Pocan","Mark","WI","D",4000,0,0,2000,4100,2500,"P000607",NA
"310","Poe","Ted","TX","R",75000,0,0,7400,0,2700,"P000592",NA
"311","Poliquin","Bruce","ME","R",54100,0,100,3800,0,500,"P000611",NA
"312","Polis","Jared","CO","D",7500,0,0,0,10975,0,"P000598",NA
"313","Posey","Bill","FL","R",15600,0,0,0,0,0,"P000599",NA
"314","Price","David","NC","D",6000,0,0,1000,14029,0,"P000523",NA
"315","Quigley","Mike","IL","D",3700,0,0,0,3900,0,"Q000023",NA
"316","Radewagen","Amata Coleman","AS","R",0,0,0,0,0,0,"R000600",NA
"317","Raskin","Jamie","MD","D",0,0,0,0,25784,0,"R000606",NA
"318","Ratcliffe","John","TX","R",40050,0,0,6400,0,0,"R000601",NA
"319","Reed","Tom","NY","R",121050,0,0,31900,0,35500,"R000585",NA
"320","Reichert","Dave","WA","R",10000,0,250,4750,0,16500,"R000578",NA
"321","Renacci","Jim","OH","R",53243,0,0,4500,1000,2250,"R000586",NA
"322","Rice","Kathleen","NY","D",5200,0,0,0,13800,3700,"R000602",NA
"323","Rice","Tom","SC","R",15750,0,0,0,0,0,"R000597",NA
"324","Richmond","Cedric","LA","D",62500,0,0,5000,3700,0,"R000588",NA
"325","Roby","Martha","AL","R",21950,7500,7500,2000,0,0,"R000591",NA
"326","Rochester Blunt","Lisa","DE","D",0,0,0,0,0,0,"B001303",NA
"327","Rodgers McMorris","Cathy","WA","R",0,0,0,0,0,0,"M001159",NA
"328","Roe","Phil","TN","R",4500,300,300,0,0,0,"R000582",NA
"329","Rogers","Hal","KY","R",21800,21400,38400,0,0,0,"R000395",NA
"330","Rogers","Mike D","AL","R",12500,11000,11000,3000,0,0,"R000575",NA
"331","Rohrabacher","Dana","CA","R",8650,0,0,0,0,0,"R000409",NA
"332","Rokita","Todd","IN","R",26600,500,2500,0,0,6000,"R000592",NA
"333","Rooney","Francis","FL","R",21600,0,0,0,0,0,"R000607",NA
"334","Rooney","Tom","FL","R",5000,0,0,0,0,0,"R000583",NA
"335","Ros-Lehtinen","Ileana","FL","R",9000,0,0,0,1000,0,"R000435",NA
"336","Rosen","Jacky","NV","D",2600,0,7000,0,38553,250,"R000608",NA
"337","Roskam","Peter","IL","R",35350,0,0,5450,0,1000,"R000580",NA
"338","Ross","Dennis","FL","R",13500,0,0,0,0,0,"R000593",NA
"339","Rothfus","Keith J","PA","R",43550,43850,59850,12050,0,0,"R000598",NA
"340","Rouzer","David","NC","R",23740,0,0,2000,0,0,"R000603",NA
"341","Roybal-Allard","Lucille","CA","D",0,0,0,0,3700,0,"R000486",NA
"342","Royce","Ed","CA","R",49300,0,0,2500,1000,2000,"R000487",NA
"343","Ruiz","Raul","CA","D",9000,280,280,3500,27078,6900,"R000599",NA
"344","Ruppersberger","Dutch","MD","D",3500,0,0,2000,2752,2700,"R000576",NA
"345","Rush","Bobby","IL","D",15500,0,0,12000,4000,1000,"R000515",NA
"346","Russell","Steven","OK","R",93250,0,5400,6500,0,0,"R000604",NA
"347","Rutherford","John","FL","R",11800,0,0,0,0,0,"R000609",NA
"348","Ryan","Paul","WI","R",761678,58860,75290,81975,23920,26725,"R000570",NA
"349","Ryan","Tim","OH","D",15500,0,0,4000,6400,0,"R000577",NA
"350","Sanchez","Linda","CA","D",7575,0,0,75,5330,1500,"S001156",NA
"351","Sanford","Mark","SC","R",7000,0,0,1000,0,0,"S000051",NA
"352","Sarbanes","John","MD","D",2100,0,0,0,100,2700,"S001168",NA
"353","Scalise","Steve","LA","R",285300,6400,13900,26750,0,0,"S001176",NA
"354","Scanlon","Mary Gay","PA","D",0,0,0,0,0,0,"S001205",NA
"355","Schakowsky","Jan","IL","D",15,0,0,0,10750,4350,"S001145",NA
"356","Schiff","Adam","CA","D",0,0,0,0,1250,0,"S001150",NA
"357","Schneider","Brad","IL","D",5961,0,5,15,30354,784,"S001190",NA
"358","Schrader","Kurt","OR","D",55500,2000,2000,15000,2500,3200,"S001180",NA
"359","Schultz Wasserman","Debbie","FL","D",0,0,0,0,0,0,"W000797",NA
"360","Schweikert","David","AZ","R",10000,0,5250,0,0,0,"S001183",NA
"361","Scott","Austin","GA","R",3000,0,3000,0,3885,0,"S001189",NA
"362","Scott","Bobby","VA","D",0,0,0,0,3200,0,"S000185",NA
"363","Scott","David","GA","D",9250,0,250,2000,0,0,"S001157",NA
"364","Sensenbrenner","Jim","WI","R",14000,0,1500,0,0,0,"S000244","Jr."
"365","Serrano","Jose E","NY","D",0,0,0,0,1250,0,"S000248",NA
"366","Sessions","Pete","TX","R",139550,0,1000,27600,0,0,"S000250",NA
"367","Sewell","Terri","AL","D",8700,10000,10000,0,0,0,"S001185",NA
"368","Shea-Porter","Carol","NH","D",190,0,0,17,43880,877,"S001170",NA
"369","Sherman","Brad","CA","D",5000,0,0,0,0,0,"S000344",NA
"370","Shimkus","John","IL","R",180582,29200,40700,46000,0,37700,"S000364",NA
"371","Shuster","Bill","PA","R",198512,25300,39350,64500,0,0,"S000394",NA
"372","Simpson","Mike","ID","R",46700,3700,12450,5000,7750,1000,"S001148",NA
"373","Sinema","Kyrsten","AZ","D",11000,0,7500,2750,0,4000,"S001191",NA
"374","Sires","Albio","NJ","D",3500,0,0,2000,0,0,"S001165",NA
"375","Smith","Adam","WA","D",0,0,0,0,0,0,"S000510",NA
"376","Smith","Adrian","NE","R",13750,2500,2500,2500,0,16500,"S001172",NA
"377","Smith","Chris","NJ","R",1000,0,0,0,0,0,"S000522",NA
"378","Smith","Jason","MO","R",33300,2000,8750,1000,0,7000,"S001195",NA
"379","Smith","Lamar","TX","R",108400,0,0,0,0,0,"S000583",NA
"380","Smucker","Lloyd","PA","R",20000,0,0,2000,0,0,"S001199",NA
"381","Soto","Darren","FL","D",0,0,0,0,8448,0,"S001200",NA
"382","Speier","Jackie","CA","D",0,0,0,0,13800,1000,"S001175",NA
"383","Stefanik","Elise","NY","R",55675,0,0,5500,6650,3750,"S001196",NA
"384","Stewart","Chris","UT","R",95200,8256,13756,14400,0,0,"S001192",NA
"385","Stivers","Steve","OH","R",56350,15775,15775,12500,0,0,"S001187",NA
"386","Suozzi","Tom","NY","D",0,0,0,0,2262,500,"S001201",NA
"387","Swalwell","Eric","CA","D",9200,0,500,2000,9900,5900,"S001193",NA
"388","Takano","Mark","CA","D",0,0,0,0,6300,0,"T000472",NA
"389","Taylor","Scott","VA","R",10000,0,0,2500,0,0,"T000477",NA
"390","Tenney","Claudia","NY","R",15950,0,0,3000,0,0,"T000478",NA
"391","Thompson","Bennie G","MS","D",18000,0,0,10000,500,0,"T000193",NA
"392","Thompson","Glenn","PA","R",85550,9250,17250,22200,0,0,"T000467",NA
"393","Thompson","Mike","CA","D",7500,0,0,0,14000,9885,"T000460",NA
"394","Thornberry","Mac","TX","R",82175,0,-1000,0,0,8000,"T000238",NA
"395","Tipton","Scott","CO","R",139100,22400,53400,6500,0,0,"T000470",NA
"396","Titus","Dina","NV","D",0,0,13000,0,3060,6000,"T000468",NA
"397","Tonko","Paul","NY","D",5400,0,0,4000,11957,7390,"T000469",NA
"398","Torres","Norma","CA","D",6500,0,0,3500,5200,0,"T000474",NA
"399","Trott","Dave","MI","R",4000,0,0,0,0,0,"T000475",NA
"400","Tsongas","Niki","MA","D",4700,0,0,0,9058,2000,"T000465",NA
"401","Turner","Michael R","OH","R",29950,0,0,2000,0,0,"T000463",NA
"402","Upton","Fred","MI","R",229000,4000,8000,52600,0,6000,"U000031",NA
"403","Valadao","David","CA","R",59750,0,3550,1000,0,5000,"V000129",NA
"404","Vargas","Juan","CA","D",0,0,0,0,1000,0,"V000130",NA
"405","Veasey","Marc","TX","D",71800,0,0,2000,1000,500,"V000131",NA
"406","Vela","Filemon","TX","D",35000,0,0,7000,0,1000,"V000132",NA
"407","Velazquez","Nydia","NY","D",0,0,0,0,1000,0,"V000081",NA
"408","Visclosky","Pete","IN","D",8000,0,2000,2000,0,1000,"V000108",NA
"409","Wagner","Ann","MO","R",45500,12900,14900,6000,0,500,"W000812",NA
"410","Walberg","Tim","MI","R",49450,12500,28500,1000,0,0,"W000798",NA
"411","Walden","Greg","OR","R",151900,3500,7500,18000,0,0,"W000791",NA
"412","Walker","Mark","NC","R",7000,0,0,0,0,0,"W000819",NA
"413","Walorski","Jackie","IN","R",28500,2000,4000,0,0,11000,"W000813",NA
"414","Walters","Mimi","CA","R",63250,0,100,5000,0,4700,"W000820",NA
"415","Walz","Tim","MN","D",15500,0,0,0,300,4500,"W000799",NA
"416","Waters","Maxine","CA","D",5000,0,0,0,4700,0,"W000187",NA
"417","Weber","Randy","TX","R",66550,0,3700,5750,0,0,"W000814",NA
"418","Webster","Daniel","FL","R",6300,0,600,0,0,0,"W000806",NA
"419","Welch","Peter","VT","D",20052,0,0,7000,4650,8525,"W000800",NA
"420","Wenstrup","Brad","OH","R",7000,5400,5400,1000,0,0,"W000815",NA
"421","Westerman","Bruce","AR","R",41200,1000,2000,3000,0,2250,"W000821",NA
"422","Wild","Susan","PA","D",0,0,0,0,0,0,"W000826",NA
"423","Williams","Roger","TX","R",136250,0,0,0,0,0,"W000816",NA
"424","Wilson","Frederica","FL","D",0,0,0,0,4566,0,"W000808",NA
"425","Wilson","Joe","SC","R",14000,0,0,0,0,2500,"W000795",NA
"426","Wittman","Rob","VA","R",13250,0,0,0,2750,0,"W000804",NA
"427","Womack","Steve","AR","R",16500,0,0,3000,0,0,"W000809",NA
"428","Woodall","Rob","GA","R",18500,0,0,2000,0,0,"W000810",NA
"429","Yarmuth","John","KY","D",250,0,0,0,1850,0,"Y000062",NA
"430","Yoder","Kevin","KS","R",49375,0,13800,2000,0,44800,"Y000063",NA
"431","Yoho","Ted","FL","R",9150,0,0,3750,0,0,"Y000065",NA
"432","Young","David","IA","R",25000,0,0,2500,0,22750,"Y000066",NA
"433","Young","Don","AK","R",59700,2000,20000,0,1500,0,"Y000033",NA
"434","Zeldin","Lee","NY","R",65663,0,0,7250,0,800,"Z000017",NA
