"last_name","first_name","state","opensecrets_id","bioguide_id","district","birthday","gender","Industry_Type","seniority_113","seniority_114","seniority_115","seniority_116","seniority_117","total"
"Abraham","Ralph","LA","N00036633","A000374",5,1954-09-16,"M","-",0,1,2,3,3,12000
"Abraham","Ralph","LA","N00036633","A000374",5,1954-09-16,"M","+",0,1,2,3,3,0
"Adams","Alma","NC","N00035451","A000370",12,1946-05-27,"F","-",1,2,3,4,5,3750
"Adams","Alma","NC","N00035451","A000370",12,1946-05-27,"F","+",1,2,3,4,5,0
"Aderholt","Robert","AL","N00003028","A000055",4,1965-07-22,"M","-",9,10,11,12,13,20000
"Aderholt","Robert","AL","N00003028","A000055",4,1965-07-22,"M","+",9,10,11,12,13,0
"Aguilar","Pete","CA","N00033997","A000371",33,1979-06-19,"M","-",0,1,2,3,4,9925
"Aguilar","Pete","CA","N00033997","A000371",33,1979-06-19,"M","+",0,1,2,3,4,45
"Allen","Rick","GA","N00033720","A000372",12,1951-11-07,"M","-",0,1,2,3,4,7450
"Allen","Rick","GA","N00033720","A000372",12,1951-11-07,"M","+",0,1,2,3,4,350
"Amash","Justin","MI","N00031938","A000367",3,1980-04-18,"M","-",2,3,4,5,5,7100
"Amash","Justin","MI","N00031938","A000367",3,1980-04-18,"M","+",2,3,4,5,5,0
"Amodei","Mark","NV","N00031177","A000369",2,1958-06-12,"M","-",2,3,4,5,6,19700
"Amodei","Mark","NV","N00031177","A000369",2,1958-06-12,"M","+",2,3,4,5,6,0
"Ashford","Brad","NE","N00005293","A000373",2,1949-11-10,"M","-",0,1,1,1,1,24100
"Ashford","Brad","NE","N00005293","A000373",2,1949-11-10,"M","+",0,1,1,1,1,2000
"Babin","Brian","TX","N00005736","B001291",36,1948-03-23,"M","-",0,1,2,3,4,19800
"Babin","Brian","TX","N00005736","B001291",36,1948-03-23,"M","+",0,1,2,3,4,1000
"Barletta","Lou","PA","N00025495","B001269",11,1956-01-28,"M","-",2,3,4,4,4,27000
"Barletta","Lou","PA","N00025495","B001269",11,1956-01-28,"M","+",2,3,4,4,4,0
"Barr","Garland","KY","N00031233","B001282",6,1973-07-24,"M","-",1,2,3,4,5,53550
"Barr","Garland","KY","N00031233","B001282",6,1973-07-24,"M","+",1,2,3,4,5,0
"Barton","Joe","TX","N00005656","B000213",6,1949-09-15,"M","-",14,15,16,16,16,63650
"Barton","Joe","TX","N00005656","B000213",6,1949-09-15,"M","+",14,15,16,16,16,0
"Bass","Karen","CA","N00031877","B001270",37,1953-10-03,"F","-",2,3,4,5,6,6500
"Bass","Karen","CA","N00031877","B001270",37,1953-10-03,"F","+",2,3,4,5,6,0
"Beatty","Joyce","OH","N00033904","B001281",3,1950-03-12,"F","-",1,2,3,4,5,24000
"Beatty","Joyce","OH","N00033904","B001281",3,1950-03-12,"F","+",1,2,3,4,5,0
"Becerra","Xavier","CA","N00009774","B000287",34,1958-01-26,"M","-",11,12,13,13,13,2500
"Becerra","Xavier","CA","N00009774","B000287",34,1958-01-26,"M","+",11,12,13,13,13,0
"Benishek","Dan","MI","N00031934","B001271",1,1952-04-20,"M","-",2,3,3,3,3,0
"Benishek","Dan","MI","N00031934","B001271",1,1952-04-20,"M","+",2,3,3,3,3,0
"Bera","Ami","CA","N00030717","B001287",6,1965-03-02,"M","-",1,2,3,4,5,2550
"Bera","Ami","CA","N00030717","B001287",6,1965-03-02,"M","+",1,2,3,4,5,5400
"Beyer","Donald","VA","N00036018","B001292",8,1950-06-20,"M","-",0,1,2,3,4,16450
"Beyer","Donald","VA","N00036018","B001292",8,1950-06-20,"M","+",0,1,2,3,4,1000
"Bilirakis","Gus","FL","N00027462","B001257",12,1963-02-08,"M","-",4,5,6,7,8,15000
"Bilirakis","Gus","FL","N00027462","B001257",12,1963-02-08,"M","+",4,5,6,7,8,0
"Bishop","Mike","MI","N00036449","B001293",8,1967-03-18,"M","-",0,1,2,2,2,23200
"Bishop","Mike","MI","N00036449","B001293",8,1967-03-18,"M","+",0,1,2,2,2,3504
"Bishop","Rob","UT","N00025292","B001250",1,1951-07-13,"M","-",6,7,8,9,9,45666
"Bishop","Rob","UT","N00025292","B001250",1,1951-07-13,"M","+",6,7,8,9,9,0
"Bishop","Sanford","GA","N00002674","B000490",2,1947-02-04,"M","-",11,12,13,14,15,17500
"Bishop","Sanford","GA","N00002674","B000490",2,1947-02-04,"M","+",11,12,13,14,15,0
"Black","Diane","TN","N00031539","B001273",6,1951-01-16,"F","-",2,3,4,4,4,23000
"Black","Diane","TN","N00031539","B001273",6,1951-01-16,"F","+",2,3,4,4,4,0
"Blum","Rod","IA","N00033744","B001294",1,1955-04-26,"M","-",0,1,2,2,2,12300
"Blum","Rod","IA","N00033744","B001294",1,1955-04-26,"M","+",0,1,2,2,2,1500
"Blumenauer","Earl","OR","N00007727","B000574",3,1948-08-16,"M","-",10,11,12,13,14,8250
"Blumenauer","Earl","OR","N00007727","B000574",3,1948-08-16,"M","+",10,11,12,13,14,8950
"Bonamici","Suzanne","OR","N00033474","B001278",1,1954-10-14,"F","-",2,3,4,5,6,2750
"Bonamici","Suzanne","OR","N00033474","B001278",1,1954-10-14,"F","+",2,3,4,5,6,0
"Bost","Mike","IL","N00035420","B001295",12,1960-12-30,"M","-",0,1,2,3,4,38950
"Bost","Mike","IL","N00035420","B001295",12,1960-12-30,"M","+",0,1,2,3,4,0
"Boustany","Charles","LA","N00026595","B001255",3,1956-02-21,"M","-",5,6,6,6,6,172737
"Boustany","Charles","LA","N00026595","B001255",3,1956-02-21,"M","+",5,6,6,6,6,1500
"Boyle","Brendan","PA","N00035307","B001296",2,1977-02-06,"M","-",0,1,2,3,4,9500
"Boyle","Brendan","PA","N00035307","B001296",2,1977-02-06,"M","+",0,1,2,3,4,0
"Brady","Kevin","TX","N00005883","B000755",8,1955-04-11,"M","-",9,10,11,12,13,185000
"Brady","Kevin","TX","N00005883","B000755",8,1955-04-11,"M","+",9,10,11,12,13,3000
"Brady","Robert","PA","N00001619","B001227",1,1945-04-07,"M","-",9,10,11,11,11,20275
"Brady","Robert","PA","N00001619","B001227",1,1945-04-07,"M","+",9,10,11,11,11,0
"Brat","David","VA","N00036013","B001290",7,1964-07-27,"M","-",1,2,3,3,3,9875
"Brat","David","VA","N00036013","B001290",7,1964-07-27,"M","+",1,2,3,3,3,1250
"Bridenstine","Jim","OK","N00033532","B001283",1,1975-06-15,"M","-",1,2,3,3,3,18000
"Bridenstine","Jim","OK","N00033532","B001283",1,1975-06-15,"M","+",1,2,3,3,3,0
"Brooks","Mo","AL","N00030910","B001274",5,1954-04-29,"M","-",2,3,4,5,6,5000
"Brooks","Mo","AL","N00030910","B001274",5,1954-04-29,"M","+",2,3,4,5,6,0
"Brooks","Susan","IN","N00033495","B001284",5,1960-08-25,"F","-",1,2,3,4,4,24700
"Brooks","Susan","IN","N00033495","B001284",5,1960-08-25,"F","+",1,2,3,4,4,5000
"Brownley","Julia","CA","N00034254","B001285",26,1952-08-28,"F","-",1,2,3,4,5,6015
"Brownley","Julia","CA","N00034254","B001285",26,1952-08-28,"F","+",1,2,3,4,5,3
"Buchanan","Vern","FL","N00027626","B001260",16,1951-05-08,"M","-",4,5,6,7,8,5000
"Buchanan","Vern","FL","N00027626","B001260",16,1951-05-08,"M","+",4,5,6,7,8,0
"Buck","Ken","CO","N00030829","B001297",4,1959-02-16,"M","-",0,1,2,3,4,22500
"Buck","Ken","CO","N00030829","B001297",4,1959-02-16,"M","+",0,1,2,3,4,2500
"Bucshon","Larry","IN","N00031227","B001275",8,1962-05-31,"M","-",2,3,4,5,6,28450
"Bucshon","Larry","IN","N00031227","B001275",8,1962-05-31,"M","+",2,3,4,5,6,0
"Burgess","Michael","TX","N00025219","B001248",26,1950-12-23,"M","-",6,7,8,9,10,15500
"Burgess","Michael","TX","N00025219","B001248",26,1950-12-23,"M","+",6,7,8,9,10,0
"Bustos","Cheri","IL","N00033390","B001286",17,1961-10-17,"F","-",1,2,3,4,5,10325
"Bustos","Cheri","IL","N00033390","B001286",17,1961-10-17,"F","+",1,2,3,4,5,4341
"Butterfield","George","NC","N00027035","B001251",1,1947-04-27,"M","-",6,7,8,9,10,6000
"Butterfield","George","NC","N00027035","B001251",1,1947-04-27,"M","+",6,7,8,9,10,1000
"Byrne","Bradley","AL","N00035380","B001289",1,1955-02-16,"M","-",1,2,3,4,4,17500
"Byrne","Bradley","AL","N00035380","B001289",1,1955-02-16,"M","+",1,2,3,4,4,0
"Calvert","Ken","CA","N00007099","C000059",41,1953-06-08,"M","-",11,12,13,14,15,60500
"Calvert","Ken","CA","N00007099","C000059",41,1953-06-08,"M","+",11,12,13,14,15,1000
"Capps","Lois","CA","N00007232","C001036",24,1938-01-10,"F","-",9,10,10,10,10,0
"Capps","Lois","CA","N00007232","C001036",24,1938-01-10,"F","+",9,10,10,10,10,0
"Capuano","Michael","MA","N00000267","C001037",7,1952-01-09,"M","-",8,9,10,10,10,1000
"Capuano","Michael","MA","N00000267","C001037",7,1952-01-09,"M","+",8,9,10,10,10,0
"Carney","John","DE","N00030736","C001083",0,1956-05-20,"M","-",2,3,3,3,3,0
"Carney","John","DE","N00030736","C001083",0,1956-05-20,"M","+",2,3,3,3,3,0
"Carson","André","IN","N00029513","C001072",7,1974-10-16,"M","-",4,5,6,7,8,2250
"Carson","André","IN","N00029513","C001072",7,1974-10-16,"M","+",4,5,6,7,8,0
"Carter","Earl","GA","N00035346","C001103",1,1957-09-06,"M","-",0,1,2,3,4,11100
"Carter","Earl","GA","N00035346","C001103",1,1957-09-06,"M","+",0,1,2,3,4,0
"Carter","John","TX","N00025095","C001051",31,1941-11-06,"M","-",6,7,8,9,10,28000
"Carter","John","TX","N00025095","C001051",31,1941-11-06,"M","+",6,7,8,9,10,0
"Cartwright","Matthew","PA","N00034128","C001090",8,1961-05-01,"M","-",1,2,3,4,5,1000
"Cartwright","Matthew","PA","N00034128","C001090",8,1961-05-01,"M","+",1,2,3,4,5,0
"Castor","Kathy","FL","N00027514","C001066",14,1966-08-20,"F","-",4,5,6,7,8,4000
"Castor","Kathy","FL","N00027514","C001066",14,1966-08-20,"F","+",4,5,6,7,8,0
"Castro","Joaquin","TX","N00033316","C001091",20,1974-09-16,"M","-",1,2,3,4,5,7300
"Castro","Joaquin","TX","N00033316","C001091",20,1974-09-16,"M","+",1,2,3,4,5,0
"Chabot","Steve","OH","N00003689","C000266",1,1953-01-22,"M","-",9,10,11,12,13,7100
"Chabot","Steve","OH","N00003689","C000266",1,1953-01-22,"M","+",9,10,11,12,13,0
"Chaffetz","Jason","UT","N00028958","C001076",3,1967-03-26,"M","-",3,4,5,5,5,16500
"Chaffetz","Jason","UT","N00028958","C001076",3,1967-03-26,"M","+",3,4,5,5,5,0
"Chu","Judy","CA","N00030600","C001080",28,1953-07-07,"F","-",3,4,5,6,7,0
"Chu","Judy","CA","N00030600","C001080",28,1953-07-07,"F","+",3,4,5,6,7,0
"Cicilline","David","RI","N00032019","C001084",1,1961-07-15,"M","-",2,3,4,5,6,500
"Cicilline","David","RI","N00032019","C001084",1,1961-07-15,"M","+",2,3,4,5,6,1000
"Clark","Katherine","MA","N00035278","C001101",5,1963-07-17,"F","-",1,2,3,4,5,2000
"Clark","Katherine","MA","N00035278","C001101",5,1963-07-17,"F","+",1,2,3,4,5,0
"Clarke","Yvette","NY","N00026961","C001067",9,1964-11-21,"F","-",4,5,6,7,8,5000
"Clarke","Yvette","NY","N00026961","C001067",9,1964-11-21,"F","+",4,5,6,7,8,0
"Clawson","Curtis","FL","N00035854","C001102",19,1959-09-28,"M","-",1,2,2,2,2,1000
"Clawson","Curtis","FL","N00035854","C001102",19,1959-09-28,"M","+",1,2,2,2,2,0
"Clay","Wm.","MO","N00012460","C001049",1,1956-07-27,"M","-",7,8,9,10,10,4000
"Clay","Wm.","MO","N00012460","C001049",1,1956-07-27,"M","+",7,8,9,10,10,0
"Cleaver","Emanuel","MO","N00026790","C001061",5,1944-10-26,"M","-",5,6,7,8,9,3000
"Cleaver","Emanuel","MO","N00026790","C001061",5,1944-10-26,"M","+",5,6,7,8,9,1000
"Clyburn","James","SC","N00002408","C000537",6,1940-07-21,"M","-",11,12,13,14,15,55500
"Clyburn","James","SC","N00002408","C000537",6,1940-07-21,"M","+",11,12,13,14,15,0
"Coffman","Mike","CO","N00024753","C001077",6,1955-03-19,"M","-",3,4,5,5,5,68911
"Coffman","Mike","CO","N00024753","C001077",6,1955-03-19,"M","+",3,4,5,5,5,500
"Cohen","Steve","TN","N00003225","C001068",9,1949-05-24,"M","-",4,5,6,7,8,500
"Cohen","Steve","TN","N00003225","C001068",9,1949-05-24,"M","+",4,5,6,7,8,0
"Cole","Tom","OK","N00025726","C001053",4,1949-04-28,"M","-",6,7,8,9,10,68750
"Cole","Tom","OK","N00025726","C001053",4,1949-04-28,"M","+",6,7,8,9,10,0
"Collins","Chris","NY","N00001285","C001092",27,1950-05-20,"M","-",1,2,3,4,4,33550
"Collins","Chris","NY","N00001285","C001092",27,1950-05-20,"M","+",1,2,3,4,4,1000
"Collins","Doug","GA","N00033518","C001093",9,1966-08-16,"M","-",1,2,3,4,4,27450
"Collins","Doug","GA","N00033518","C001093",9,1966-08-16,"M","+",1,2,3,4,4,0
"Comer","James","KY","N00038260","C001108",1,1972-08-19,"M","-",0,1,2,3,4,29450
"Comer","James","KY","N00038260","C001108",1,1972-08-19,"M","+",0,1,2,3,4,0
"Comstock","Barbara","VA","N00036023","C001105",10,1959-06-30,"F","-",0,1,2,2,2,36500
"Comstock","Barbara","VA","N00036023","C001105",10,1959-06-30,"F","+",0,1,2,2,2,250
"Conaway","K.","TX","N00026041","C001062",11,1948-06-11,"M","-",5,6,7,8,8,52882
"Conaway","K.","TX","N00026041","C001062",11,1948-06-11,"M","+",5,6,7,8,8,3250
"Connolly","Gerald","VA","N00029891","C001078",11,1950-03-30,"M","-",3,4,5,6,7,4000
"Connolly","Gerald","VA","N00029891","C001078",11,1950-03-30,"M","+",3,4,5,6,7,1000
"Conyers","John","MI","N00004029","C000714",13,1929-05-16,"M","-",14,15,16,16,16,1000
"Conyers","John","MI","N00004029","C000714",13,1929-05-16,"M","+",14,15,16,16,16,0
"Cook","Paul","CA","N00034224","C001094",8,1943-03-03,"M","-",1,2,3,4,4,18400
"Cook","Paul","CA","N00034224","C001094",8,1943-03-03,"M","+",1,2,3,4,4,0
"Cooper","Jim","TN","N00003132","C000754",5,1954-06-19,"M","-",10,11,12,13,14,4750
"Cooper","Jim","TN","N00003132","C000754",5,1954-06-19,"M","+",10,11,12,13,14,0
"Costa","Jim","CA","N00026341","C001059",21,1952-04-13,"M","-",5,6,7,8,9,58000
"Costa","Jim","CA","N00026341","C001059",21,1952-04-13,"M","+",5,6,7,8,9,2000
"Costello","Ryan","PA","N00031064","C001106",6,1976-09-07,"M","-",0,1,2,2,2,36200
"Costello","Ryan","PA","N00031064","C001106",6,1976-09-07,"M","+",0,1,2,2,2,7000
"Courtney","Joe","CT","N00024842","C001069",2,1953-04-06,"M","-",4,5,6,7,8,4000
"Courtney","Joe","CT","N00024842","C001069",2,1953-04-06,"M","+",4,5,6,7,8,0
"Crawford","Eric","AR","N00030770","C001087",1,1966-01-22,"M","-",2,3,4,5,6,2500
"Crawford","Eric","AR","N00030770","C001087",1,1966-01-22,"M","+",2,3,4,5,6,0
"Crenshaw","Ander","FL","N00012739","C001045",4,1944-09-01,"M","-",7,8,8,8,8,5000
"Crenshaw","Ander","FL","N00012739","C001045",4,1944-09-01,"M","+",7,8,8,8,8,0
"Crowley","Joseph","NY","N00001127","C001038",14,1962-03-16,"M","-",8,9,10,10,10,33000
"Crowley","Joseph","NY","N00001127","C001038",14,1962-03-16,"M","+",8,9,10,10,10,35
"Cuellar","Henry","TX","N00024978","C001063",28,1955-09-19,"M","-",5,6,7,8,9,43750
"Cuellar","Henry","TX","N00024978","C001063",28,1955-09-19,"M","+",5,6,7,8,9,0
"Culberson","John","TX","N00009738","C001048",7,1956-08-24,"M","-",7,8,9,9,9,60450
"Culberson","John","TX","N00009738","C001048",7,1956-08-24,"M","+",7,8,9,9,9,500
"Cummings","Elijah","MD","N00001971","C000984",7,1951-01-18,"M","-",10,11,12,13,13,9000
"Cummings","Elijah","MD","N00001971","C000984",7,1951-01-18,"M","+",10,11,12,13,13,0
"Curbelo","Carlos","FL","N00035403","C001107",26,1980-03-01,"M","-",0,1,2,2,2,44500
"Curbelo","Carlos","FL","N00035403","C001107",26,1980-03-01,"M","+",0,1,2,2,2,2750
"Cárdenas","Tony","CA","N00033373","C001097",29,1963-03-31,"M","-",1,2,3,4,5,13500
"Cárdenas","Tony","CA","N00033373","C001097",29,1963-03-31,"M","+",1,2,3,4,5,0
"Davidson","Warren","OH","N00038767","D000626",8,1970-03-01,"M","-",0,1,2,3,4,4000
"Davidson","Warren","OH","N00038767","D000626",8,1970-03-01,"M","+",0,1,2,3,4,0
"Davis","Danny","IL","N00004884","D000096",7,1941-09-06,"M","-",9,10,11,12,13,5500
"Davis","Danny","IL","N00004884","D000096",7,1941-09-06,"M","+",9,10,11,12,13,5000
"Davis","Rodney","IL","N00034784","D000619",13,1970-01-05,"M","-",1,2,3,4,5,24900
"Davis","Rodney","IL","N00034784","D000619",13,1970-01-05,"M","+",1,2,3,4,5,5000
"Davis","Susan","CA","N00009604","D000598",53,1944-04-13,"F","-",7,8,9,10,10,2500
"Davis","Susan","CA","N00009604","D000598",53,1944-04-13,"F","+",7,8,9,10,10,0
"DeFazio","Peter","OR","N00007781","D000191",4,1947-05-27,"M","-",14,15,16,17,18,250
"DeFazio","Peter","OR","N00007781","D000191",4,1947-05-27,"M","+",14,15,16,17,18,0
"DeGette","Diana","CO","N00006134","D000197",1,1957-07-29,"F","-",9,10,11,12,13,4000
"DeGette","Diana","CO","N00006134","D000197",1,1957-07-29,"F","+",9,10,11,12,13,1000
"DeLauro","Rosa","CT","N00000615","D000216",3,1943-03-02,"F","-",12,13,14,15,16,5375
"DeLauro","Rosa","CT","N00000615","D000216",3,1943-03-02,"F","+",12,13,14,15,16,0
"DeSantis","Ron","FL","N00034746","D000621",6,1978-09-14,"M","-",1,2,3,3,3,43125
"DeSantis","Ron","FL","N00034746","D000621",6,1978-09-14,"M","+",1,2,3,3,3,0
"DeSaulnier","Mark","CA","N00030709","D000623",10,1952-03-31,"M","-",0,1,2,3,4,2500
"DeSaulnier","Mark","CA","N00030709","D000623",10,1952-03-31,"M","+",0,1,2,3,4,0
"DelBene","Suzan","WA","N00030693","D000617",1,1962-02-17,"F","-",2,3,4,5,6,5990
"DelBene","Suzan","WA","N00030693","D000617",1,1962-02-17,"F","+",2,3,4,5,6,0
"Delaney","John","MD","N00033897","D000620",6,1963-04-16,"M","-",1,2,3,3,3,5500
"Delaney","John","MD","N00033897","D000620",6,1963-04-16,"M","+",1,2,3,3,3,0
"Denham","Jeff","CA","N00031593","D000612",10,1967-07-29,"M","-",2,3,4,4,4,100099
"Denham","Jeff","CA","N00031593","D000612",10,1967-07-29,"M","+",2,3,4,4,4,2500
"Dent","Charles","PA","N00026171","D000604",15,1960-05-24,"M","-",5,6,7,7,7,21500
"Dent","Charles","PA","N00026171","D000604",15,1960-05-24,"M","+",5,6,7,7,7,0
"DesJarlais","Scott","TN","N00030957","D000616",4,1964-02-21,"M","-",2,3,4,5,6,10650
"DesJarlais","Scott","TN","N00030957","D000616",4,1964-02-21,"M","+",2,3,4,5,6,0
"Deutch","Theodore","FL","N00031317","D000610",22,1966-05-07,"M","-",3,4,5,6,7,0
"Deutch","Theodore","FL","N00031317","D000610",22,1966-05-07,"M","+",3,4,5,6,7,0
"Diaz-Balart","Mario","FL","N00025337","D000600",26,1961-09-25,"M","-",6,7,8,9,10,17000
"Diaz-Balart","Mario","FL","N00025337","D000600",26,1961-09-25,"M","+",6,7,8,9,10,0
"Dingell","Debbie","MI","N00036149","D000624",6,1953-11-23,"F","-",0,1,2,3,4,10000
"Dingell","Debbie","MI","N00036149","D000624",6,1953-11-23,"F","+",0,1,2,3,4,250
"Doggett","Lloyd","TX","N00006023","D000399",37,1946-10-06,"M","-",10,11,12,13,14,0
"Doggett","Lloyd","TX","N00006023","D000399",37,1946-10-06,"M","+",10,11,12,13,14,0
"Dold","Bob","IL","N00031103","D000613",10,1969-06-23,"M","-",1,2,2,2,2,39400
"Dold","Bob","IL","N00031103","D000613",10,1969-06-23,"M","+",1,2,2,2,2,11250
"Donovan","Daniel","NY","N00036928","D000625",11,1956-11-06,"M","-",0,1,2,2,2,9000
"Donovan","Daniel","NY","N00036928","D000625",11,1956-11-06,"M","+",0,1,2,2,2,0
"Doyle","Michael","PA","N00001373","D000482",18,1953-08-05,"M","-",10,11,12,13,14,42000
"Doyle","Michael","PA","N00001373","D000482",18,1953-08-05,"M","+",10,11,12,13,14,0
"Duffy","Sean","WI","N00030967","D000614",7,1971-10-03,"M","-",2,3,4,5,5,18850
"Duffy","Sean","WI","N00030967","D000614",7,1971-10-03,"M","+",2,3,4,5,5,0
"Duncan","Jeff","SC","N00030752","D000615",3,1966-01-07,"M","-",2,3,4,5,6,7000
"Duncan","Jeff","SC","N00030752","D000615",3,1966-01-07,"M","+",2,3,4,5,6,0
"Duncan","John","TN","N00003209","D000533",2,1947-07-21,"M","-",14,15,16,16,16,4000
"Duncan","John","TN","N00003209","D000533",2,1947-07-21,"M","+",14,15,16,16,16,2000
"Edwards","Donna","MD","N00028249","E000290",4,1958-06-28,"F","-",4,5,5,5,5,460
"Edwards","Donna","MD","N00028249","E000290",4,1958-06-28,"F","+",4,5,5,5,5,1225
"Ellison","Keith","MN","N00028257","E000288",5,1963-08-04,"M","-",4,5,6,6,6,1680
"Ellison","Keith","MN","N00028257","E000288",5,1963-08-04,"M","+",4,5,6,6,6,0
"Ellmers","Renee","NC","N00031513","E000291",2,1964-02-09,"F","-",2,3,3,3,3,30500
"Ellmers","Renee","NC","N00031513","E000291",2,1964-02-09,"F","+",2,3,3,3,3,2000
"Emmer","Tom","MN","N00035440","E000294",6,1961-03-03,"M","-",0,1,2,3,4,5900
"Emmer","Tom","MN","N00035440","E000294",6,1961-03-03,"M","+",0,1,2,3,4,0
"Engel","Eliot","NY","N00001003","E000179",16,1947-02-18,"M","-",13,14,15,16,16,15000
"Engel","Eliot","NY","N00001003","E000179",16,1947-02-18,"M","+",13,14,15,16,16,1000
"Eshoo","Anna","CA","N00007335","E000215",16,1942-12-13,"F","-",11,12,13,14,15,2150
"Eshoo","Anna","CA","N00007335","E000215",16,1942-12-13,"F","+",11,12,13,14,15,0
"Esty","Elizabeth","CT","N00033217","E000293",5,1959-08-25,"F","-",1,2,3,3,3,9125
"Esty","Elizabeth","CT","N00033217","E000293",5,1959-08-25,"F","+",1,2,3,3,3,0
"Evans","Dwight","PA","N00038450","E000296",3,1954-05-16,"M","-",0,1,2,3,4,13300
"Evans","Dwight","PA","N00038450","E000296",3,1954-05-16,"M","+",0,1,2,3,4,5400
"Farenthold","Blake","TX","N00031672","F000460",27,1961-12-12,"M","-",2,3,4,4,4,26550
"Farenthold","Blake","TX","N00031672","F000460",27,1961-12-12,"M","+",2,3,4,4,4,0
"Farr","Sam","CA","N00007312","F000030",20,1941-07-04,"M","-",11,12,12,12,12,0
"Farr","Sam","CA","N00007312","F000030",20,1941-07-04,"M","+",11,12,12,12,12,0
"Fattah","Chaka","PA","N00001746","F000043",2,1956-11-21,"M","-",10,11,11,11,11,0
"Fattah","Chaka","PA","N00001746","F000043",2,1956-11-21,"M","+",10,11,11,11,11,0
"Fincher","Stephen","TN","N00031141","F000458",8,1973-02-07,"M","-",2,3,3,3,3,0
"Fincher","Stephen","TN","N00031141","F000458",8,1973-02-07,"M","+",2,3,3,3,3,0
"Fitzpatrick","Michael","PA","N00027229","F000451",8,1963-06-28,"M","-",3,4,4,4,4,0
"Fitzpatrick","Michael","PA","N00027229","F000451",8,1963-06-28,"M","+",3,4,4,4,4,0
"Fleischmann","Charles","TN","N00030815","F000459",3,1962-10-11,"M","-",2,3,4,5,6,20000
"Fleischmann","Charles","TN","N00030815","F000459",3,1962-10-11,"M","+",2,3,4,5,6,0
"Fleming","John","LA","N00029679","F000456",4,1951-07-05,"M","-",3,4,4,4,4,39550
"Fleming","John","LA","N00029679","F000456",4,1951-07-05,"M","+",3,4,4,4,4,500
"Flores","Bill","TX","N00031545","F000461",17,1954-02-25,"M","-",2,3,4,5,5,69650
"Flores","Bill","TX","N00031545","F000461",17,1954-02-25,"M","+",2,3,4,5,5,0
"Forbes","J.","VA","N00013799","F000445",4,1952-02-17,"M","-",7,8,8,8,8,18611
"Forbes","J.","VA","N00013799","F000445",4,1952-02-17,"M","+",7,8,8,8,8,0
"Fortenberry","Jeff","NE","N00026631","F000449",1,1960-12-27,"M","-",5,6,7,8,9,3500
"Fortenberry","Jeff","NE","N00026631","F000449",1,1960-12-27,"M","+",5,6,7,8,9,0
"Foster","Bill","IL","N00029139","F000454",11,1955-10-07,"M","-",3,4,5,6,7,15700
"Foster","Bill","IL","N00029139","F000454",11,1955-10-07,"M","+",3,4,5,6,7,1200
"Foxx","Virginia","NC","N00026166","F000450",5,1943-06-29,"F","-",5,6,7,8,9,11073
"Foxx","Virginia","NC","N00026166","F000450",5,1943-06-29,"F","+",5,6,7,8,9,500
"Frankel","Lois","FL","N00002893","F000462",22,1948-05-16,"F","-",1,2,3,4,5,0
"Frankel","Lois","FL","N00002893","F000462",22,1948-05-16,"F","+",1,2,3,4,5,0
"Franks","Trent","AZ","N00006423","F000448",8,1957-06-19,"M","-",6,7,8,8,8,7250
"Franks","Trent","AZ","N00006423","F000448",8,1957-06-19,"M","+",6,7,8,8,8,0
"Frelinghuysen","Rodney","NJ","N00000684","F000372",11,1946-04-29,"M","-",10,11,12,12,12,20677
"Frelinghuysen","Rodney","NJ","N00000684","F000372",11,1946-04-29,"M","+",10,11,12,12,12,100
"Fudge","Marcia","OH","N00030490","F000455",11,1952-10-29,"F","-",4,5,6,7,8,21500
"Fudge","Marcia","OH","N00030490","F000455",11,1952-10-29,"F","+",4,5,6,7,8,0
"Gabbard","Tulsi","HI","N00033281","G000571",2,1981-04-12,"F","-",1,2,3,4,4,1250
"Gabbard","Tulsi","HI","N00033281","G000571",2,1981-04-12,"F","+",1,2,3,4,4,3000
"Gallego","Ruben","AZ","N00036097","G000574",3,1979-11-20,"M","-",0,1,2,3,4,7050
"Gallego","Ruben","AZ","N00036097","G000574",3,1979-11-20,"M","+",0,1,2,3,4,5100
"Garamendi","John","CA","N00030856","G000559",8,1945-01-24,"M","-",3,4,5,6,7,3000
"Garamendi","John","CA","N00030856","G000559",8,1945-01-24,"M","+",3,4,5,6,7,0
"Garrett","Scott","NJ","N00000743","G000548",5,1959-07-09,"M","-",6,7,7,7,7,12100
"Garrett","Scott","NJ","N00000743","G000548",5,1959-07-09,"M","+",6,7,7,7,7,0
"Gibbs","Bob","OH","N00031128","G000563",7,1954-06-14,"M","-",2,3,4,5,6,13500
"Gibbs","Bob","OH","N00031128","G000563",7,1954-06-14,"M","+",2,3,4,5,6,500
"Gibson","Christopher","NY","N00031998","G000564",19,1964-05-13,"M","-",2,3,3,3,3,0
"Gibson","Christopher","NY","N00031998","G000564",19,1964-05-13,"M","+",2,3,3,3,3,0
"Gohmert","Louie","TX","N00026148","G000552",1,1953-08-18,"M","-",5,6,7,8,9,10950
"Gohmert","Louie","TX","N00026148","G000552",1,1953-08-18,"M","+",5,6,7,8,9,0
"Goodlatte","Bob","VA","N00009154","G000289",6,1952-09-22,"M","-",11,12,13,13,13,32950
"Goodlatte","Bob","VA","N00009154","G000289",6,1952-09-22,"M","+",11,12,13,13,13,0
"Gosar","Paul","AZ","N00030771","G000565",9,1958-11-22,"M","-",2,3,4,5,6,16000
"Gosar","Paul","AZ","N00030771","G000565",9,1958-11-22,"M","+",2,3,4,5,6,0
"Gowdy","Trey","SC","N00030880","G000566",4,1964-08-22,"M","-",2,3,4,4,4,15200
"Gowdy","Trey","SC","N00030880","G000566",4,1964-08-22,"M","+",2,3,4,4,4,0
"Graham","Gwen","FL","N00035688","G000575",2,1963-01-31,"F","-",0,1,1,1,1,4100
"Graham","Gwen","FL","N00035688","G000575",2,1963-01-31,"F","+",0,1,1,1,1,0
"Granger","Kay","TX","N00008799","G000377",12,1943-01-18,"F","-",9,10,11,12,13,43250
"Granger","Kay","TX","N00008799","G000377",12,1943-01-18,"F","+",9,10,11,12,13,1000
"Graves","Garret","LA","N00036135","G000577",6,1972-01-31,"M","-",0,1,2,3,4,112499
"Graves","Garret","LA","N00036135","G000577",6,1972-01-31,"M","+",0,1,2,3,4,2700
"Graves","Sam","MO","N00013323","G000546",6,1963-11-07,"M","-",7,8,9,10,11,9000
"Graves","Sam","MO","N00013323","G000546",6,1963-11-07,"M","+",7,8,9,10,11,1000
"Graves","Tom","GA","N00030788","G000560",14,1970-02-03,"M","-",3,4,5,6,6,13750
"Graves","Tom","GA","N00030788","G000560",14,1970-02-03,"M","+",3,4,5,6,6,0
"Grayson","Alan","FL","N00028418","G000556",9,1958-03-13,"M","-",2,3,3,3,3,1231
"Grayson","Alan","FL","N00028418","G000556",9,1958-03-13,"M","+",2,3,3,3,3,100
"Green","Al","TX","N00026686","G000553",9,1947-09-01,"M","-",5,6,7,8,9,2000
"Green","Al","TX","N00026686","G000553",9,1947-09-01,"M","+",5,6,7,8,9,0
"Green","Gene","TX","N00005870","G000410",29,1947-10-17,"M","-",11,12,13,13,13,96450
"Green","Gene","TX","N00005870","G000410",29,1947-10-17,"M","+",11,12,13,13,13,2500
"Griffith","H.","VA","N00032029","G000568",9,1958-03-15,"M","-",2,3,4,5,6,49050
"Griffith","H.","VA","N00032029","G000568",9,1958-03-15,"M","+",2,3,4,5,6,0
"Grijalva","Raúl","AZ","N00025284","G000551",7,1948-02-19,"M","-",6,7,8,9,10,1500
"Grijalva","Raúl","AZ","N00025284","G000551",7,1948-02-19,"M","+",6,7,8,9,10,0
"Grothman","Glenn","WI","N00036409","G000576",6,1955-07-03,"M","-",0,1,2,3,4,17010
"Grothman","Glenn","WI","N00036409","G000576",6,1955-07-03,"M","+",0,1,2,3,4,250
"Guinta","Frank","NH","N00030801","G000570",1,1970-09-26,"M","-",1,2,2,2,2,10500
"Guinta","Frank","NH","N00030801","G000570",1,1970-09-26,"M","+",1,2,2,2,2,0
"Guthrie","Brett","KY","N00029675","G000558",2,1964-02-18,"M","-",3,4,5,6,7,23500
"Guthrie","Brett","KY","N00029675","G000558",2,1964-02-18,"M","+",3,4,5,6,7,0
"Gutiérrez","Luis","IL","N00004874","G000535",4,1953-12-10,"M","-",11,12,13,13,13,5400
"Gutiérrez","Luis","IL","N00004874","G000535",4,1953-12-10,"M","+",11,12,13,13,13,0
"Hahn","Janice","CA","N00006806","H001063",44,1952-03-30,"F","-",2,3,3,3,3,0
"Hahn","Janice","CA","N00006806","H001063",44,1952-03-30,"F","+",2,3,3,3,3,0
"Hanabusa","Colleen","HI","N00025881","H001050",1,1951-05-04,"F","-",2,3,4,4,4,250
"Hanabusa","Colleen","HI","N00025881","H001050",1,1951-05-04,"F","+",2,3,4,4,4,0
"Hanna","Richard","NY","N00030197","H001051",22,1951-01-25,"M","-",2,3,3,3,3,0
"Hanna","Richard","NY","N00030197","H001051",22,1951-01-25,"M","+",2,3,3,3,3,0
"Hardy","Cresent","NV","N00035628","H001070",4,1957-06-23,"M","-",0,1,1,1,1,21800
"Hardy","Cresent","NV","N00035628","H001070",4,1957-06-23,"M","+",0,1,1,1,1,0
"Harper","Gregg","MS","N00029632","H001045",3,1956-06-01,"M","-",3,4,5,5,5,31400
"Harper","Gregg","MS","N00029632","H001045",3,1956-06-01,"M","+",3,4,5,5,5,0
"Harris","Andy","MD","N00029147","H001052",1,1957-01-25,"M","-",2,3,4,5,6,8500
"Harris","Andy","MD","N00029147","H001052",1,1957-01-25,"M","+",2,3,4,5,6,0
"Hartzler","Vicky","MO","N00031005","H001053",4,1960-10-13,"F","-",2,3,4,5,6,5000
"Hartzler","Vicky","MO","N00031005","H001053",4,1960-10-13,"F","+",2,3,4,5,6,0
"Hastings","Alcee","FL","N00002884","H000324",20,1936-09-05,"M","-",11,12,13,14,15,2500
"Hastings","Alcee","FL","N00002884","H000324",20,1936-09-05,"M","+",11,12,13,14,15,0
"Heck","Denny","WA","N00031557","H001064",10,1952-07-29,"M","-",1,2,3,4,4,3000
"Heck","Denny","WA","N00031557","H001064",10,1952-07-29,"M","+",1,2,3,4,4,0
"Heck","Joseph","NV","N00031244","H001055",3,1961-10-30,"M","-",2,3,3,3,3,213703
"Heck","Joseph","NV","N00031244","H001055",3,1961-10-30,"M","+",2,3,3,3,3,0
"Hensarling","Jeb","TX","N00024922","H001036",5,1957-05-29,"M","-",6,7,8,8,8,25650
"Hensarling","Jeb","TX","N00024922","H001036",5,1957-05-29,"M","+",6,7,8,8,8,0
"Herrera Beutler","Jaime","WA","N00031559","H001056",3,1978-11-03,"F","-",2,3,4,5,6,4770
"Herrera Beutler","Jaime","WA","N00031559","H001056",3,1978-11-03,"F","+",2,3,4,5,6,0
"Hice","Jody","GA","N00032243","H001071",10,1960-04-22,"M","-",0,1,2,3,4,2500
"Hice","Jody","GA","N00032243","H001071",10,1960-04-22,"M","+",0,1,2,3,4,0
"Higgins","Brian","NY","N00027060","H001038",26,1959-10-06,"M","-",5,6,7,8,9,2000
"Higgins","Brian","NY","N00027060","H001038",26,1959-10-06,"M","+",5,6,7,8,9,0
"Hill","J.","AR","N00035792","H001072",2,1956-12-05,"M","-",0,1,2,3,4,18500
"Hill","J.","AR","N00035792","H001072",2,1956-12-05,"M","+",0,1,2,3,4,0
"Himes","James","CT","N00029070","H001047",4,1966-07-05,"M","-",3,4,5,6,7,12000
"Himes","James","CT","N00029070","H001047",4,1966-07-05,"M","+",3,4,5,6,7,0
"Hinojosa","Rubén","TX","N00006008","H000636",15,1940-08-20,"M","-",9,10,10,10,10,0
"Hinojosa","Rubén","TX","N00006008","H000636",15,1940-08-20,"M","+",9,10,10,10,10,0
"Holding","George","NC","N00033399","H001065",2,1968-04-17,"M","-",1,2,3,4,4,44132
"Holding","George","NC","N00033399","H001065",2,1968-04-17,"M","+",1,2,3,4,4,14400
"Honda","Michael","CA","N00012611","H001034",17,1941-06-27,"M","-",7,8,8,8,8,9700
"Honda","Michael","CA","N00012611","H001034",17,1941-06-27,"M","+",7,8,8,8,8,110
"Hoyer","Steny","MD","N00001821","H000874",5,1939-06-14,"M","-",14,15,16,17,18,107750
"Hoyer","Steny","MD","N00001821","H000874",5,1939-06-14,"M","+",14,15,16,17,18,4500
"Hudson","Richard","NC","N00033630","H001067",9,1971-11-04,"M","-",1,2,3,4,5,94650
"Hudson","Richard","NC","N00033630","H001067",9,1971-11-04,"M","+",1,2,3,4,5,0
"Huelskamp","Tim","KS","N00027649","H001057",1,1968-11-11,"M","-",2,3,3,3,3,10200
"Huelskamp","Tim","KS","N00027649","H001057",1,1968-11-11,"M","+",2,3,3,3,3,0
"Huffman","Jared","CA","N00033030","H001068",2,1964-02-18,"M","-",1,2,3,4,5,13320
"Huffman","Jared","CA","N00033030","H001068",2,1964-02-18,"M","+",1,2,3,4,5,200
"Huizenga","Bill","MI","N00030673","H001058",4,1969-01-31,"M","-",2,3,4,5,6,22050
"Huizenga","Bill","MI","N00030673","H001058",4,1969-01-31,"M","+",2,3,4,5,6,0
"Hultgren","Randy","IL","N00031104","H001059",14,1966-03-01,"M","-",2,3,4,4,4,22000
"Hultgren","Randy","IL","N00031104","H001059",14,1966-03-01,"M","+",2,3,4,4,4,0
"Hunter","Duncan","CA","N00029258","H001048",50,1976-12-07,"M","-",3,4,5,6,6,26500
"Hunter","Duncan","CA","N00029258","H001048",50,1976-12-07,"M","+",3,4,5,6,6,0
"Hurd","Will","TX","N00031417","H001073",23,1977-08-19,"M","-",0,1,2,3,3,130656
"Hurd","Will","TX","N00031417","H001073",23,1977-08-19,"M","+",0,1,2,3,3,3033
"Hurt","Robert","VA","N00031265","H001060",5,1969-06-16,"M","-",2,3,3,3,3,1000
"Hurt","Robert","VA","N00031265","H001060",5,1969-06-16,"M","+",2,3,3,3,3,0
"Israel","Steve","NY","N00013345","I000057",3,1958-05-30,"M","-",7,8,8,8,8,2000
"Israel","Steve","NY","N00013345","I000057",3,1958-05-30,"M","+",7,8,8,8,8,0
"Issa","Darrell","CA","N00007017","I000056",48,1953-11-01,"M","-",7,8,9,9,10,13400
"Issa","Darrell","CA","N00007017","I000056",48,1953-11-01,"M","+",7,8,9,9,10,2700
"Jackson Lee","Sheila","TX","N00005818","J000032",18,1950-01-12,"F","-",10,11,12,13,14,5000
"Jackson Lee","Sheila","TX","N00005818","J000032",18,1950-01-12,"F","+",10,11,12,13,14,0
"Jeffries","Hakeem","NY","N00033640","J000294",8,1970-08-04,"M","-",1,2,3,4,5,5000
"Jeffries","Hakeem","NY","N00033640","J000294",8,1970-08-04,"M","+",1,2,3,4,5,0
"Jenkins","Evan","WV","N00035531","J000297",3,1960-09-12,"M","-",0,1,2,2,2,27500
"Jenkins","Evan","WV","N00035531","J000297",3,1960-09-12,"M","+",0,1,2,2,2,0
"Jenkins","Lynn","KS","N00029077","J000290",2,1963-06-10,"F","-",3,4,5,5,5,55750
"Jenkins","Lynn","KS","N00029077","J000290",2,1963-06-10,"F","+",3,4,5,5,5,2250
"Johnson","Bill","OH","N00032088","J000292",6,1954-11-10,"M","-",2,3,4,5,6,99450
"Johnson","Bill","OH","N00032088","J000292",6,1954-11-10,"M","+",2,3,4,5,6,12500
"Johnson","Eddie","TX","N00008122","J000126",30,1935-12-03,"F","-",11,12,13,14,15,1000
"Johnson","Eddie","TX","N00008122","J000126",30,1935-12-03,"F","+",11,12,13,14,15,0
"Johnson","Henry","GA","N00027848","J000288",4,1954-10-02,"M","-",4,5,6,7,8,1000
"Johnson","Henry","GA","N00027848","J000288",4,1954-10-02,"M","+",4,5,6,7,8,0
"Johnson","Sam","TX","N00008028","J000174",3,1930-10-11,"M","-",12,13,14,14,14,7000
"Johnson","Sam","TX","N00008028","J000174",3,1930-10-11,"M","+",12,13,14,14,14,1000
"Jolly","David","FL","N00035717","J000296",13,1972-10-31,"M","-",1,2,2,2,2,10700
"Jolly","David","FL","N00035717","J000296",13,1972-10-31,"M","+",1,2,2,2,2,0
"Jones","Walter","NC","N00002299","J000255",3,1943-02-10,"M","-",10,11,12,13,13,3000
"Jones","Walter","NC","N00002299","J000255",3,1943-02-10,"M","+",10,11,12,13,13,2500
"Jordan","Jim","OH","N00027894","J000289",4,1964-02-17,"M","-",4,5,6,7,8,8500
"Jordan","Jim","OH","N00027894","J000289",4,1964-02-17,"M","+",4,5,6,7,8,0
"Joyce","David","OH","N00035007","J000295",14,1957-03-17,"M","-",1,2,3,4,5,25800
"Joyce","David","OH","N00035007","J000295",14,1957-03-17,"M","+",1,2,3,4,5,2300
"Kaptur","Marcy","OH","N00003522","K000009",9,1946-06-17,"F","-",14,15,16,17,18,17500
"Kaptur","Marcy","OH","N00003522","K000009",9,1946-06-17,"F","+",14,15,16,17,18,0
"Katko","John","NY","N00035934","K000386",24,1962-11-09,"M","-",0,1,2,3,4,48050
"Katko","John","NY","N00035934","K000386",24,1962-11-09,"M","+",0,1,2,3,4,0
"Keating","William","MA","N00031933","K000375",9,1952-09-06,"M","-",2,3,4,5,6,10000
"Keating","William","MA","N00031933","K000375",9,1952-09-06,"M","+",2,3,4,5,6,0
"Kelly","Mike","PA","N00031647","K000376",16,1948-05-10,"M","-",2,3,4,5,6,30850
"Kelly","Mike","PA","N00031647","K000376",16,1948-05-10,"M","+",2,3,4,5,6,2700
"Kelly","Robin","IL","N00035215","K000385",2,1956-04-30,"F","-",1,2,3,4,5,7500
"Kelly","Robin","IL","N00035215","K000385",2,1956-04-30,"F","+",1,2,3,4,5,1000
"Kelly","Trent","MS","N00037003","K000388",1,1966-03-01,"M","-",0,1,2,3,4,10200
"Kelly","Trent","MS","N00037003","K000388",1,1966-03-01,"M","+",0,1,2,3,4,0
"Kennedy","Joseph","MA","N00034044","K000379",4,1980-10-04,"M","-",1,2,3,4,4,14400
"Kennedy","Joseph","MA","N00034044","K000379",4,1980-10-04,"M","+",1,2,3,4,4,0
"Kildee","Daniel","MI","N00033395","K000380",8,1958-08-11,"M","-",1,2,3,4,5,10600
"Kildee","Daniel","MI","N00033395","K000380",8,1958-08-11,"M","+",1,2,3,4,5,0
"Kilmer","Derek","WA","N00034453","K000381",6,1974-01-01,"M","-",1,2,3,4,5,4500
"Kilmer","Derek","WA","N00034453","K000381",6,1974-01-01,"M","+",1,2,3,4,5,0
"Kind","Ron","WI","N00004403","K000188",3,1963-03-16,"M","-",9,10,11,12,13,9000
"Kind","Ron","WI","N00004403","K000188",3,1963-03-16,"M","+",9,10,11,12,13,0
"King","Peter","NY","N00001193","K000210",2,1944-04-05,"M","-",11,12,13,14,14,6000
"King","Peter","NY","N00001193","K000210",2,1944-04-05,"M","+",11,12,13,14,14,0
"King","Steve","IA","N00025237","K000362",4,1949-05-28,"M","-",6,7,8,9,9,5550
"King","Steve","IA","N00025237","K000362",4,1949-05-28,"M","+",6,7,8,9,9,11800
"Kinzinger","Adam","IL","N00030667","K000378",16,1978-02-27,"M","-",2,3,4,5,6,68400
"Kinzinger","Adam","IL","N00030667","K000378",16,1978-02-27,"M","+",2,3,4,5,6,4500
"Kirkpatrick","Ann","AZ","N00029260","K000368",2,1950-03-24,"F","-",2,3,3,4,5,3605
"Kirkpatrick","Ann","AZ","N00029260","K000368",2,1950-03-24,"F","+",2,3,3,4,5,3025
"Kline","John","MN","N00004436","K000363",2,1947-09-06,"M","-",6,7,7,7,7,1000
"Kline","John","MN","N00004436","K000363",2,1947-09-06,"M","+",6,7,7,7,7,0
"Knight","Steve","CA","N00035820","K000387",25,1966-12-17,"M","-",0,1,2,2,2,28800
"Knight","Steve","CA","N00035820","K000387",25,1966-12-17,"M","+",0,1,2,2,2,0
"Kuster","Ann","NH","N00030875","K000382",2,1956-09-05,"F","-",1,2,3,4,5,8500
"Kuster","Ann","NH","N00030875","K000382",2,1956-09-05,"F","+",1,2,3,4,5,1000
"LaHood","Darin","IL","N00037031","L000585",16,1968-07-05,"M","-",0,1,2,3,4,46400
"LaHood","Darin","IL","N00037031","L000585",16,1968-07-05,"M","+",0,1,2,3,4,7200
"LaMalfa","Doug","CA","N00033987","L000578",1,1960-07-02,"M","-",1,2,3,4,5,13400
"LaMalfa","Doug","CA","N00033987","L000578",1,1960-07-02,"M","+",1,2,3,4,5,501
"Labrador","Raúl","ID","N00031377","L000573",1,1967-12-08,"M","-",2,3,4,4,4,11200
"Labrador","Raúl","ID","N00031377","L000573",1,1967-12-08,"M","+",2,3,4,4,4,0
"Lamborn","Doug","CO","N00028133","L000564",5,1954-05-24,"M","-",4,5,6,7,8,32250
"Lamborn","Doug","CO","N00028133","L000564",5,1954-05-24,"M","+",4,5,6,7,8,0
"Lance","Leonard","NJ","N00000898","L000567",7,1952-06-25,"M","-",3,4,5,5,5,17575
"Lance","Leonard","NJ","N00000898","L000567",7,1952-06-25,"M","+",3,4,5,5,5,0
"Langevin","James","RI","N00009724","L000559",2,1964-04-22,"M","-",7,8,9,10,11,5000
"Langevin","James","RI","N00009724","L000559",2,1964-04-22,"M","+",7,8,9,10,11,0
"Larsen","Rick","WA","N00009759","L000560",2,1965-06-15,"M","-",7,8,9,10,11,15000
"Larsen","Rick","WA","N00009759","L000560",2,1965-06-15,"M","+",7,8,9,10,11,0
"Larson","John","CT","N00000575","L000557",1,1948-07-22,"M","-",8,9,10,11,12,7500
"Larson","John","CT","N00000575","L000557",1,1948-07-22,"M","+",8,9,10,11,12,1000
"Latta","Robert","OH","N00012233","L000566",5,1956-04-18,"M","-",4,5,6,7,8,36750
"Latta","Robert","OH","N00012233","L000566",5,1956-04-18,"M","+",4,5,6,7,8,0
"Lawrence","Brenda","MI","N00034068","L000581",14,1954-10-18,"F","-",0,1,2,3,4,7500
"Lawrence","Brenda","MI","N00034068","L000581",14,1954-10-18,"F","+",0,1,2,3,4,0
"Lee","Barbara","CA","N00008046","L000551",12,1946-07-16,"F","-",9,10,11,12,13,2900
"Lee","Barbara","CA","N00008046","L000551",12,1946-07-16,"F","+",9,10,11,12,13,0
"Levin","Sander","MI","N00003950","L000263",9,1931-09-06,"M","-",14,15,16,16,16,28500
"Levin","Sander","MI","N00003950","L000263",9,1931-09-06,"M","+",14,15,16,16,16,2000
"Lewis","John","GA","N00002577","L000287",5,1940-02-21,"M","-",14,15,16,17,17,2500
"Lewis","John","GA","N00002577","L000287",5,1940-02-21,"M","+",14,15,16,17,17,0
"Lieu","Ted","CA","N00035825","L000582",36,1969-03-29,"M","-",0,1,2,3,4,9000
"Lieu","Ted","CA","N00035825","L000582",36,1969-03-29,"M","+",0,1,2,3,4,0
"Lipinski","Daniel","IL","N00027239","L000563",3,1966-07-15,"M","-",5,6,7,8,8,3000
"Lipinski","Daniel","IL","N00027239","L000563",3,1966-07-15,"M","+",5,6,7,8,8,0
"LoBiondo","Frank","NJ","N00000851","L000554",2,1946-05-12,"M","-",10,11,12,12,12,9000
"LoBiondo","Frank","NJ","N00000851","L000554",2,1946-05-12,"M","+",10,11,12,12,12,0
"Loebsack","David","IA","N00027741","L000565",2,1952-12-23,"M","-",4,5,6,7,7,4100
"Loebsack","David","IA","N00027741","L000565",2,1952-12-23,"M","+",4,5,6,7,7,4500
"Lofgren","Zoe","CA","N00007479","L000397",18,1947-12-21,"F","-",10,11,12,13,14,7500
"Lofgren","Zoe","CA","N00007479","L000397",18,1947-12-21,"F","+",10,11,12,13,14,0
"Long","Billy","MO","N00030676","L000576",7,1955-08-11,"M","-",2,3,4,5,6,22000
"Long","Billy","MO","N00030676","L000576",7,1955-08-11,"M","+",2,3,4,5,6,0
"Loudermilk","Barry","GA","N00035347","L000583",11,1963-12-22,"M","-",0,1,2,3,4,14875
"Loudermilk","Barry","GA","N00035347","L000583",11,1963-12-22,"M","+",0,1,2,3,4,0
"Love","Mia","UT","N00033842","L000584",4,1975-12-06,"F","-",0,1,2,2,2,24465
"Love","Mia","UT","N00033842","L000584",4,1975-12-06,"F","+",0,1,2,2,2,0
"Lowenthal","Alan","CA","N00033274","L000579",47,1941-03-08,"M","-",1,2,3,4,5,12000
"Lowenthal","Alan","CA","N00033274","L000579",47,1941-03-08,"M","+",1,2,3,4,5,0
"Lowey","Nita","NY","N00001024","L000480",17,1937-07-05,"F","-",13,14,15,16,16,0
"Lowey","Nita","NY","N00001024","L000480",17,1937-07-05,"F","+",13,14,15,16,16,0
"Lucas","Frank","OK","N00005559","L000491",3,1960-01-06,"M","-",11,12,13,14,15,23500
"Lucas","Frank","OK","N00005559","L000491",3,1960-01-06,"M","+",11,12,13,14,15,0
"Luetkemeyer","Blaine","MO","N00030026","L000569",3,1952-05-07,"M","-",3,4,5,6,7,7500
"Luetkemeyer","Blaine","MO","N00030026","L000569",3,1952-05-07,"M","+",3,4,5,6,7,2500
"Lujan Grisham","Michelle","NM","N00029400","L000580",1,1959-10-24,"F","-",1,2,3,3,3,9500
"Lujan Grisham","Michelle","NM","N00029400","L000580",1,1959-10-24,"F","+",1,2,3,3,3,3000
"Lynch","Stephen","MA","N00013855","L000562",8,1955-03-31,"M","-",7,8,9,10,11,0
"Lynch","Stephen","MA","N00013855","L000562",8,1955-03-31,"M","+",7,8,9,10,11,0
"MacArthur","Tom","NJ","N00036155","M001193",3,1960-10-16,"M","-",0,1,2,2,2,28100
"MacArthur","Tom","NJ","N00036155","M001193",3,1960-10-16,"M","+",0,1,2,2,2,0
"Maloney","Carolyn","NY","N00000078","M000087",12,1946-02-19,"F","-",11,12,13,14,15,13300
"Maloney","Carolyn","NY","N00000078","M000087",12,1946-02-19,"F","+",11,12,13,14,15,0
"Maloney","Sean","NY","N00034277","M001185",18,1966-07-30,"M","-",1,2,3,4,5,7000
"Maloney","Sean","NY","N00034277","M001185",18,1966-07-30,"M","+",1,2,3,4,5,0
"Marchant","Kenny","TX","N00026710","M001158",24,1951-02-23,"M","-",5,6,7,8,8,47200
"Marchant","Kenny","TX","N00026710","M001158",24,1951-02-23,"M","+",5,6,7,8,8,0
"Marino","Tom","PA","N00031777","M001179",12,1952-08-15,"M","-",2,3,4,5,5,13700
"Marino","Tom","PA","N00031777","M001179",12,1952-08-15,"M","+",2,3,4,5,5,5000
"Massie","Thomas","KY","N00034041","M001184",4,1971-01-13,"M","-",2,3,4,5,6,6000
"Massie","Thomas","KY","N00034041","M001184",4,1971-01-13,"M","+",2,3,4,5,6,0
"Matsui","Doris","CA","N00027459","M001163",7,1944-09-25,"F","-",5,6,7,8,9,4700
"Matsui","Doris","CA","N00027459","M001163",7,1944-09-25,"F","+",5,6,7,8,9,5400
"McCarthy","Kevin","CA","N00028152","M001165",20,1965-01-26,"M","-",4,5,6,7,8,202750
"McCarthy","Kevin","CA","N00028152","M001165",20,1965-01-26,"M","+",4,5,6,7,8,7900
"McCaul","Michael","TX","N00026460","M001157",10,1962-01-14,"M","-",5,6,7,8,9,58950
"McCaul","Michael","TX","N00026460","M001157",10,1962-01-14,"M","+",5,6,7,8,9,0
"McClintock","Tom","CA","N00006863","M001177",5,1956-07-10,"M","-",3,4,5,6,7,4925
"McClintock","Tom","CA","N00006863","M001177",5,1956-07-10,"M","+",3,4,5,6,7,0
"McCollum","Betty","MN","N00012942","M001143",4,1954-07-12,"F","-",7,8,9,10,11,1000
"McCollum","Betty","MN","N00012942","M001143",4,1954-07-12,"F","+",7,8,9,10,11,0
"McDermott","Jim","WA","N00009829","M000404",7,1936-12-28,"M","-",13,14,14,14,14,0
"McDermott","Jim","WA","N00009829","M000404",7,1936-12-28,"M","+",13,14,14,14,14,0
"McGovern","James","MA","N00000179","M000312",2,1959-11-20,"M","-",9,10,11,12,13,2510
"McGovern","James","MA","N00000179","M000312",2,1959-11-20,"M","+",9,10,11,12,13,0
"McHenry","Patrick","NC","N00026627","M001156",10,1975-10-22,"M","-",5,6,7,8,9,47500
"McHenry","Patrick","NC","N00026627","M001156",10,1975-10-22,"M","+",5,6,7,8,9,0
"McKinley","David","WV","N00031681","M001180",1,1947-03-28,"M","-",2,3,4,5,6,45200
"McKinley","David","WV","N00031681","M001180",1,1947-03-28,"M","+",2,3,4,5,6,0
"McMorris Rodgers","Cathy","WA","N00026314","M001159",5,1969-05-22,"F","-",5,6,7,8,9,73990
"McMorris Rodgers","Cathy","WA","N00026314","M001159",5,1969-05-22,"F","+",5,6,7,8,9,6000
"McNerney","Jerry","CA","N00026926","M001166",9,1951-06-18,"M","-",4,5,6,7,8,17350
"McNerney","Jerry","CA","N00026926","M001166",9,1951-06-18,"M","+",4,5,6,7,8,1350
"Meadows","Mark","NC","N00033631","M001187",11,1959-07-28,"M","-",1,2,3,4,4,6500
"Meadows","Mark","NC","N00033631","M001187",11,1959-07-28,"M","+",1,2,3,4,4,0
"Meehan","Patrick","PA","N00031134","M001181",7,1955-10-20,"M","-",2,3,4,4,4,26700
"Meehan","Patrick","PA","N00031134","M001181",7,1955-10-20,"M","+",2,3,4,4,4,6500
"Meeks","Gregory","NY","N00001171","M001137",5,1953-09-25,"M","-",9,10,11,12,13,7000
"Meeks","Gregory","NY","N00001171","M001137",5,1953-09-25,"M","+",9,10,11,12,13,0
"Meng","Grace","NY","N00034547","M001188",6,1975-10-01,"F","-",1,2,3,4,5,1500
"Meng","Grace","NY","N00034547","M001188",6,1975-10-01,"F","+",1,2,3,4,5,500
"Messer","Luke","IN","N00012546","M001189",6,1969-02-27,"M","-",1,2,3,3,3,28500
"Messer","Luke","IN","N00012546","M001189",6,1969-02-27,"M","+",1,2,3,3,3,500
"Mica","John","FL","N00002793","M000689",7,1943-01-27,"M","-",11,12,12,12,12,5800
"Mica","John","FL","N00002793","M000689",7,1943-01-27,"M","+",11,12,12,12,12,0
"Miller","Candice","MI","N00009795","M001150",10,1954-05-07,"F","-",6,7,7,7,7,0
"Miller","Candice","MI","N00009795","M001150",10,1954-05-07,"F","+",6,7,7,7,7,0
"Moolenaar","John","MI","N00036275","M001194",2,1961-05-08,"M","-",0,1,2,3,4,9500
"Moolenaar","John","MI","N00036275","M001194",2,1961-05-08,"M","+",0,1,2,3,4,0
"Mooney","Alexander","WV","N00033814","M001195",2,1971-06-05,"M","-",0,1,2,3,4,14100
"Mooney","Alexander","WV","N00033814","M001195",2,1971-06-05,"M","+",0,1,2,3,4,250
"Moore","Gwen","WI","N00026914","M001160",4,1951-04-18,"F","-",5,6,7,8,9,4500
"Moore","Gwen","WI","N00026914","M001160",4,1951-04-18,"F","+",5,6,7,8,9,0
"Moulton","Seth","MA","N00035431","M001196",6,1978-10-24,"M","-",0,1,2,3,4,1000
"Moulton","Seth","MA","N00035431","M001196",6,1978-10-24,"M","+",0,1,2,3,4,150
"Mulvaney","Mick","SC","N00031412","M001182",5,1967-07-21,"M","-",2,3,4,4,4,11500
"Mulvaney","Mick","SC","N00031412","M001182",5,1967-07-21,"M","+",2,3,4,4,4,0
"Murphy","Patrick","FL","N00033091","M001191",18,1983-03-30,"M","-",1,2,2,2,2,3050
"Murphy","Patrick","FL","N00033091","M001191",18,1983-03-30,"M","+",1,2,2,2,2,13075
"Murphy","Tim","PA","N00024992","M001151",18,1952-09-11,"M","-",6,7,8,8,8,53250
"Murphy","Tim","PA","N00024992","M001151",18,1952-09-11,"M","+",6,7,8,8,8,1000
"Nadler","Jerrold","NY","N00000939","N000002",12,1947-06-13,"M","-",12,13,14,15,16,0
"Nadler","Jerrold","NY","N00000939","N000002",12,1947-06-13,"M","+",12,13,14,15,16,0
"Napolitano","Grace","CA","N00006789","N000179",31,1936-12-04,"F","-",8,9,10,11,12,5500
"Napolitano","Grace","CA","N00006789","N000179",31,1936-12-04,"F","+",8,9,10,11,12,0
"Neal","Richard","MA","N00000153","N000015",1,1949-02-14,"M","-",13,14,15,16,17,17000
"Neal","Richard","MA","N00000153","N000015",1,1949-02-14,"M","+",13,14,15,16,17,0
"Neugebauer","Randy","TX","N00026043","N000182",19,1949-12-24,"M","-",6,7,7,7,7,0
"Neugebauer","Randy","TX","N00026043","N000182",19,1949-12-24,"M","+",6,7,7,7,7,0
"Newhouse","Dan","WA","N00036403","N000189",4,1955-07-10,"M","-",0,1,2,3,4,23000
"Newhouse","Dan","WA","N00036403","N000189",4,1955-07-10,"M","+",0,1,2,3,4,250
"Noem","Kristi","SD","N00032022","N000184",0,1971-11-30,"F","-",2,3,4,4,4,37950
"Noem","Kristi","SD","N00032022","N000184",0,1971-11-30,"F","+",2,3,4,4,4,1000
"Nolan","Richard","MN","N00021207","N000127",8,1943-12-17,"M","-",1,2,3,3,3,13650
"Nolan","Richard","MN","N00021207","N000127",8,1943-12-17,"M","+",1,2,3,3,3,0
"Norcross","Donald","NJ","N00036154","N000188",1,1958-12-13,"M","-",1,2,3,4,5,32736
"Norcross","Donald","NJ","N00036154","N000188",1,1958-12-13,"M","+",1,2,3,4,5,0
"Nugent","Richard","FL","N00032441","N000185",11,1951-05-26,"M","-",2,3,3,3,3,0
"Nugent","Richard","FL","N00032441","N000185",11,1951-05-26,"M","+",2,3,3,3,3,0
"Nunes","Devin","CA","N00007248","N000181",22,1973-10-01,"M","-",6,7,8,9,10,56500
"Nunes","Devin","CA","N00007248","N000181",22,1973-10-01,"M","+",6,7,8,9,10,250
"Nunnelee","Alan","MS","N00031006","N000186",1,1958-10-09,"M","-",2,3,3,3,3,0
"Nunnelee","Alan","MS","N00031006","N000186",1,1958-10-09,"M","+",2,3,3,3,3,0
"Olson","Pete","TX","N00029285","O000168",22,1962-12-09,"M","-",3,4,5,6,6,137800
"Olson","Pete","TX","N00029285","O000168",22,1962-12-09,"M","+",3,4,5,6,6,0
"O’Rourke","Beto","TX","N00033540","O000170",16,1972-09-26,"M","-",1,2,3,3,3,0
"O’Rourke","Beto","TX","N00033540","O000170",16,1972-09-26,"M","+",1,2,3,3,3,0
"Palazzo","Steven","MS","N00031958","P000601",4,1970-02-21,"M","-",2,3,4,5,6,31500
"Palazzo","Steven","MS","N00031958","P000601",4,1970-02-21,"M","+",2,3,4,5,6,0
"Pallone","Frank","NJ","N00000781","P000034",6,1951-10-30,"M","-",14,15,16,17,18,12499
"Pallone","Frank","NJ","N00000781","P000034",6,1951-10-30,"M","+",14,15,16,17,18,1000
"Palmer","Gary","AL","N00035691","P000609",6,1954-05-14,"M","-",0,1,2,3,4,9000
"Palmer","Gary","AL","N00035691","P000609",6,1954-05-14,"M","+",0,1,2,3,4,0
"Pascrell","Bill","NJ","N00000751","P000096",9,1937-01-25,"M","-",9,10,11,12,13,7500
"Pascrell","Bill","NJ","N00000751","P000096",9,1937-01-25,"M","+",9,10,11,12,13,6000
"Paulsen","Erik","MN","N00029391","P000594",3,1965-05-14,"M","-",3,4,5,5,5,36499
"Paulsen","Erik","MN","N00029391","P000594",3,1965-05-14,"M","+",3,4,5,5,5,333
"Payne","Donald","NJ","N00034639","P000604",10,1958-12-17,"M","-",2,3,4,5,6,7600
"Payne","Donald","NJ","N00034639","P000604",10,1958-12-17,"M","+",2,3,4,5,6,0
"Pearce","Stevan","NM","N00012672","P000588",2,1947-08-24,"M","-",5,6,7,7,7,97406
"Pearce","Stevan","NM","N00012672","P000588",2,1947-08-24,"M","+",5,6,7,7,7,0
"Pelosi","Nancy","CA","N00007360","P000197",11,1940-03-26,"F","-",14,15,16,17,18,5800
"Pelosi","Nancy","CA","N00007360","P000197",11,1940-03-26,"F","+",14,15,16,17,18,200
"Perlmutter","Ed","CO","N00027510","P000593",7,1953-05-01,"M","-",4,5,6,7,8,6450
"Perlmutter","Ed","CO","N00027510","P000593",7,1953-05-01,"M","+",4,5,6,7,8,500
"Perry","Scott","PA","N00034120","P000605",10,1962-05-27,"M","-",1,2,3,4,5,22500
"Perry","Scott","PA","N00034120","P000605",10,1962-05-27,"M","+",1,2,3,4,5,0
"Peters","Scott","CA","N00033591","P000608",50,1958-06-17,"M","-",1,2,3,4,5,16395
"Peters","Scott","CA","N00033591","P000608",50,1958-06-17,"M","+",1,2,3,4,5,1025
"Peterson","Collin","MN","N00004558","P000258",7,1944-06-29,"M","-",12,13,14,15,15,24200
"Peterson","Collin","MN","N00004558","P000258",7,1944-06-29,"M","+",12,13,14,15,15,0
"Pingree","Chellie","ME","N00013817","P000597",1,1955-04-02,"F","-",3,4,5,6,7,1250
"Pingree","Chellie","ME","N00013817","P000597",1,1955-04-02,"F","+",3,4,5,6,7,1000
"Pittenger","Robert","NC","N00034416","P000606",9,1948-08-15,"M","-",1,2,3,3,3,12800
"Pittenger","Robert","NC","N00034416","P000606",9,1948-08-15,"M","+",1,2,3,3,3,0
"Pitts","Joseph","PA","N00001633","P000373",16,1939-10-10,"M","-",9,10,10,10,10,0
"Pitts","Joseph","PA","N00001633","P000373",16,1939-10-10,"M","+",9,10,10,10,10,0
"Pocan","Mark","WI","N00033549","P000607",2,1964-08-14,"M","-",1,2,3,4,5,3500
"Pocan","Mark","WI","N00033549","P000607",2,1964-08-14,"M","+",1,2,3,4,5,0
"Poe","Ted","TX","N00026457","P000592",2,1948-09-10,"M","-",5,6,7,7,7,34050
"Poe","Ted","TX","N00026457","P000592",2,1948-09-10,"M","+",5,6,7,7,7,0
"Poliquin","Bruce","ME","N00034584","P000611",2,1953-11-01,"M","-",0,1,2,2,2,27250
"Poliquin","Bruce","ME","N00034584","P000611",2,1953-11-01,"M","+",0,1,2,2,2,2650
"Polis","Jared","CO","N00029127","P000598",2,1975-05-12,"M","-",3,4,5,5,5,350
"Polis","Jared","CO","N00029127","P000598",2,1975-05-12,"M","+",3,4,5,5,5,0
"Pompeo","Mike","KS","N00030744","P000602",4,1963-12-30,"M","-",2,3,4,4,4,45750
"Pompeo","Mike","KS","N00030744","P000602",4,1963-12-30,"M","+",2,3,4,4,4,0
"Posey","Bill","FL","N00029662","P000599",8,1947-12-18,"M","-",3,4,5,6,7,6000
"Posey","Bill","FL","N00029662","P000599",8,1947-12-18,"M","+",3,4,5,6,7,0
"Price","David","NC","N00002260","P000523",4,1940-08-17,"M","-",13,14,15,16,17,5000
"Price","David","NC","N00002260","P000523",4,1940-08-17,"M","+",13,14,15,16,17,0
"Price","Tom","GA","N00026160","P000591",6,1954-10-08,"M","-",5,6,7,7,7,14500
"Price","Tom","GA","N00026160","P000591",6,1954-10-08,"M","+",5,6,7,7,7,0
"Quigley","Mike","IL","N00030581","Q000023",5,1958-10-17,"M","-",3,4,5,6,7,4500
"Quigley","Mike","IL","N00030581","Q000023",5,1958-10-17,"M","+",3,4,5,6,7,1000
"Rangel","Charles","NY","N00000964","R000053",13,1930-06-11,"M","-",14,15,15,15,15,0
"Rangel","Charles","NY","N00000964","R000053",13,1930-06-11,"M","+",14,15,15,15,15,0
"Ratcliffe","John","TX","N00035972","R000601",4,1965-10-20,"M","-",0,1,2,3,3,23500
"Ratcliffe","John","TX","N00035972","R000601",4,1965-10-20,"M","+",0,1,2,3,3,0
"Reed","Tom","NY","N00030949","R000585",23,1971-11-18,"M","-",3,4,5,6,7,77325
"Reed","Tom","NY","N00030949","R000585",23,1971-11-18,"M","+",3,4,5,6,7,18000
"Reichert","David","WA","N00026885","R000578",8,1950-08-29,"M","-",5,6,7,7,7,10000
"Reichert","David","WA","N00026885","R000578",8,1950-08-29,"M","+",5,6,7,7,7,6500
"Renacci","James","OH","N00031127","R000586",16,1958-12-03,"M","-",2,3,4,4,4,39480
"Renacci","James","OH","N00031127","R000586",16,1958-12-03,"M","+",2,3,4,4,4,1000
"Rice","Kathleen","NY","N00035927","R000602",4,1965-02-15,"F","-",0,1,2,3,4,3500
"Rice","Kathleen","NY","N00035927","R000602",4,1965-02-15,"F","+",0,1,2,3,4,1000
"Rice","Tom","SC","N00033832","R000597",7,1957-08-04,"M","-",1,2,3,4,5,28750
"Rice","Tom","SC","N00033832","R000597",7,1957-08-04,"M","+",1,2,3,4,5,0
"Richmond","Cedric","LA","N00030184","R000588",2,1973-09-13,"M","-",2,3,4,5,6,30250
"Richmond","Cedric","LA","N00030184","R000588",2,1973-09-13,"M","+",2,3,4,5,6,0
"Rigell","Edward","VA","N00030962","R000589",2,1960-05-28,"M","-",2,3,3,3,3,0
"Rigell","Edward","VA","N00030962","R000589",2,1960-05-28,"M","+",2,3,3,3,3,0
"Roby","Martha","AL","N00030768","R000591",2,1976-07-27,"F","-",2,3,4,5,5,9750
"Roby","Martha","AL","N00030768","R000591",2,1976-07-27,"F","+",2,3,4,5,5,0
"Roe","David","TN","N00028463","R000582",1,1945-07-21,"M","-",3,4,5,6,6,500
"Roe","David","TN","N00028463","R000582",1,1945-07-21,"M","+",3,4,5,6,6,0
"Rogers","Harold","KY","N00003473","R000395",5,1937-12-31,"M","-",14,15,16,17,18,20500
"Rogers","Harold","KY","N00003473","R000395",5,1937-12-31,"M","+",14,15,16,17,18,0
"Rogers","Mike","AL","N00024759","R000575",3,1958-07-16,"M","-",6,7,8,9,10,13000
"Rogers","Mike","AL","N00024759","R000575",3,1958-07-16,"M","+",6,7,8,9,10,0
"Rohrabacher","Dana","CA","N00007151","R000409",48,1947-06-21,"M","-",13,14,15,15,15,1000
"Rohrabacher","Dana","CA","N00007151","R000409",48,1947-06-21,"M","+",13,14,15,15,15,0
"Rokita","Todd","IN","N00031741","R000592",4,1970-02-09,"M","-",2,3,4,4,4,16350
"Rokita","Todd","IN","N00031741","R000592",4,1970-02-09,"M","+",2,3,4,4,4,0
"Rooney","Thomas","FL","N00029018","R000583",17,1970-11-21,"M","-",3,4,5,5,5,13000
"Rooney","Thomas","FL","N00029018","R000583",17,1970-11-21,"M","+",3,4,5,5,5,0
"Ros-Lehtinen","Ileana","FL","N00002858","R000435",27,1952-07-15,"F","-",13,14,15,15,15,1500
"Ros-Lehtinen","Ileana","FL","N00002858","R000435",27,1952-07-15,"F","+",13,14,15,15,15,0
"Roskam","Peter","IL","N00004719","R000580",6,1961-09-13,"M","-",4,5,6,6,6,20850
"Roskam","Peter","IL","N00004719","R000580",6,1961-09-13,"M","+",4,5,6,6,6,0
"Ross","Dennis","FL","N00030645","R000593",15,1959-10-18,"M","-",2,3,4,4,4,9000
"Ross","Dennis","FL","N00030645","R000593",15,1959-10-18,"M","+",2,3,4,4,4,0
"Rothfus","Keith","PA","N00031253","R000598",12,1962-04-25,"M","-",1,2,3,3,3,45450
"Rothfus","Keith","PA","N00031253","R000598",12,1962-04-25,"M","+",1,2,3,3,3,0
"Rouzer","David","NC","N00033527","R000603",7,1972-02-16,"M","-",0,1,2,3,4,14350
"Rouzer","David","NC","N00033527","R000603",7,1972-02-16,"M","+",0,1,2,3,4,0
"Roybal-Allard","Lucille","CA","N00006671","R000486",40,1941-06-12,"F","-",11,12,13,14,15,2500
"Roybal-Allard","Lucille","CA","N00006671","R000486",40,1941-06-12,"F","+",11,12,13,14,15,0
"Royce","Edward","CA","N00008264","R000487",39,1951-10-12,"M","-",11,12,13,13,13,23000
"Royce","Edward","CA","N00008264","R000487",39,1951-10-12,"M","+",11,12,13,13,13,1000
"Ruiz","Raul","CA","N00033510","R000599",25,1972-08-25,"M","-",1,2,3,4,5,5150
"Ruiz","Raul","CA","N00033510","R000599",25,1972-08-25,"M","+",1,2,3,4,5,250
"Ruppersberger","C.","MD","N00025482","R000576",2,1946-01-31,"M","-",6,7,8,9,10,4000
"Ruppersberger","C.","MD","N00025482","R000576",2,1946-01-31,"M","+",6,7,8,9,10,0
"Rush","Bobby","IL","N00004887","R000515",1,1946-11-23,"M","-",11,12,13,14,15,25400
"Rush","Bobby","IL","N00004887","R000515",1,1946-11-23,"M","+",11,12,13,14,15,0
"Russell","Steve","OK","N00036175","R000604",5,1963-05-25,"M","-",0,1,2,2,2,45750
"Russell","Steve","OK","N00036175","R000604",5,1963-05-25,"M","+",0,1,2,2,2,0
"Ryan","Paul","WI","N00004357","R000570",1,1970-01-29,"M","-",8,9,10,10,10,713955
"Ryan","Paul","WI","N00004357","R000570",1,1970-01-29,"M","+",8,9,10,10,10,24100
"Ryan","Tim","OH","N00025280","R000577",13,1973-07-16,"M","-",6,7,8,9,10,20500
"Ryan","Tim","OH","N00025280","R000577",13,1973-07-16,"M","+",6,7,8,9,10,0
"Sanchez","Loretta","CA","N00008274","S000030",46,1960-01-07,"F","-",9,10,10,10,10,9450
"Sanchez","Loretta","CA","N00008274","S000030",46,1960-01-07,"F","+",9,10,10,10,10,100
"Sanford","Marshall","SC","N00002424","S000051",1,1960-05-28,"M","-",4,5,6,6,6,2000
"Sanford","Marshall","SC","N00002424","S000051",1,1960-05-28,"M","+",4,5,6,6,6,0
"Sarbanes","John","MD","N00027751","S001168",3,1962-05-22,"M","-",4,5,6,7,8,0
"Sarbanes","John","MD","N00027751","S001168",3,1962-05-22,"M","+",4,5,6,7,8,0
"Scalise","Steve","LA","N00009660","S001176",1,1965-10-06,"M","-",4,5,6,7,8,94150
"Scalise","Steve","LA","N00009660","S001176",1,1965-10-06,"M","+",4,5,6,7,8,0
"Schakowsky","Janice","IL","N00004724","S001145",9,1944-05-26,"F","-",8,9,10,11,12,3000
"Schakowsky","Janice","IL","N00004724","S001145",9,1944-05-26,"F","+",8,9,10,11,12,0
"Schiff","Adam","CA","N00009585","S001150",30,1960-06-22,"M","-",7,8,9,10,11,1000
"Schiff","Adam","CA","N00009585","S001150",30,1960-06-22,"M","+",7,8,9,10,11,0
"Schock","Aaron","IL","N00029273","S001179",18,1981-05-28,"M","-",3,4,4,4,4,0
"Schock","Aaron","IL","N00029273","S001179",18,1981-05-28,"M","+",3,4,4,4,4,0
"Schrader","Kurt","OR","N00030071","S001180",5,1951-10-19,"M","-",3,4,5,6,7,29750
"Schrader","Kurt","OR","N00030071","S001180",5,1951-10-19,"M","+",3,4,5,6,7,0
"Scott","Austin","GA","N00032457","S001189",8,1969-12-10,"M","-",2,3,4,5,6,7000
"Scott","Austin","GA","N00032457","S001189",8,1969-12-10,"M","+",2,3,4,5,6,0
"Scott","David","GA","N00024871","S001157",13,1945-06-27,"M","-",6,7,8,9,10,8250
"Scott","David","GA","N00024871","S001157",13,1945-06-27,"M","+",6,7,8,9,10,0
"Scott","Robert","VA","N00002147","S000185",3,1947-04-30,"M","-",11,12,13,14,15,4000
"Scott","Robert","VA","N00002147","S000185",3,1947-04-30,"M","+",11,12,13,14,15,0
"Sensenbrenner","F.","WI","N00004291","S000244",5,1943-06-14,"M","-",14,15,16,17,17,3000
"Sensenbrenner","F.","WI","N00004291","S000244",5,1943-06-14,"M","+",14,15,16,17,17,0
"Serrano","José","NY","N00001813","S000248",15,1943-10-24,"M","-",13,14,15,16,16,0
"Serrano","José","NY","N00001813","S000248",15,1943-10-24,"M","+",13,14,15,16,16,0
"Sessions","Pete","TX","N00005681","S000250",17,1955-03-22,"M","-",9,10,11,11,12,45000
"Sessions","Pete","TX","N00005681","S000250",17,1955-03-22,"M","+",9,10,11,11,12,0
"Sewell","Terri","AL","N00030622","S001185",7,1965-01-01,"F","-",2,3,4,5,6,10250
"Sewell","Terri","AL","N00030622","S001185",7,1965-01-01,"F","+",2,3,4,5,6,0
"Sherman","Brad","CA","N00006897","S000344",32,1954-10-24,"M","-",9,10,11,12,13,3000
"Sherman","Brad","CA","N00006897","S000344",32,1954-10-24,"M","+",9,10,11,12,13,0
"Shimkus","John","IL","N00004961","S000364",15,1958-02-21,"M","-",9,10,11,12,12,215482
"Shimkus","John","IL","N00004961","S000364",15,1958-02-21,"M","+",9,10,11,12,12,10600
"Shuster","Bill","PA","N00013770","S001154",9,1961-01-10,"M","-",7,8,9,9,9,127362
"Shuster","Bill","PA","N00013770","S001154",9,1961-01-10,"M","+",7,8,9,9,9,0
"Simpson","Michael","ID","N00006263","S001148",2,1950-09-08,"M","-",8,9,10,11,12,80600
"Simpson","Michael","ID","N00006263","S001148",2,1950-09-08,"M","+",8,9,10,11,12,0
"Slaughter","Louise","NY","N00001311","S000480",25,1929-08-14,"F","-",14,15,16,16,16,2000
"Slaughter","Louise","NY","N00001311","S000480",25,1929-08-14,"F","+",14,15,16,16,16,0
"Smith","Adam","WA","N00007833","S000510",9,1965-06-15,"M","-",9,10,11,12,13,3500
"Smith","Adam","WA","N00007833","S000510",9,1965-06-15,"M","+",9,10,11,12,13,0
"Smith","Adrian","NE","N00027623","S001172",3,1970-12-19,"M","-",4,5,6,7,8,7750
"Smith","Adrian","NE","N00027623","S001172",3,1970-12-19,"M","+",4,5,6,7,8,5000
"Smith","Jason","MO","N00035282","S001195",8,1980-06-16,"M","-",1,2,3,4,5,24600
"Smith","Jason","MO","N00035282","S001195",8,1980-06-16,"M","+",1,2,3,4,5,6000
"Smith","Lamar","TX","N00001811","S000583",21,1947-11-19,"M","-",14,15,16,16,16,34300
"Smith","Lamar","TX","N00001811","S000583",21,1947-11-19,"M","+",14,15,16,16,16,0
"Speier","Jackie","CA","N00029649","S001175",14,1950-05-14,"F","-",4,5,6,7,8,0
"Speier","Jackie","CA","N00029649","S001175",14,1950-05-14,"F","+",4,5,6,7,8,0
"Stefanik","Elise","NY","N00035523","S001196",21,1984-07-02,"F","-",0,1,2,3,4,26250
"Stefanik","Elise","NY","N00035523","S001196",21,1984-07-02,"F","+",0,1,2,3,4,2250
"Stewart","Chris","UT","N00033932","S001192",2,1960-07-15,"M","-",1,2,3,4,5,42000
"Stewart","Chris","UT","N00033932","S001192",2,1960-07-15,"M","+",1,2,3,4,5,0
"Stivers","Steve","OH","N00029574","S001187",15,1965-03-24,"M","-",2,3,4,5,6,41600
"Stivers","Steve","OH","N00029574","S001187",15,1965-03-24,"M","+",2,3,4,5,6,0
"Stutzman","Marlin","IN","N00030891","S001188",3,1976-08-31,"M","-",3,4,4,4,4,63755
"Stutzman","Marlin","IN","N00030891","S001188",3,1976-08-31,"M","+",3,4,4,4,4,2000
"Swalwell","Eric","CA","N00033508","S001193",14,1980-11-16,"M","-",1,2,3,4,5,18600
"Swalwell","Eric","CA","N00033508","S001193",14,1980-11-16,"M","+",1,2,3,4,5,800
"Sánchez","Linda","CA","N00024870","S001156",38,1969-01-28,"F","-",6,7,8,9,10,13500
"Sánchez","Linda","CA","N00024870","S001156",38,1969-01-28,"F","+",6,7,8,9,10,0
"Takai","Mark","HI","N00035535","T000473",1,1967-07-01,"M","-",0,1,1,1,1,4550
"Takai","Mark","HI","N00035535","T000473",1,1967-07-01,"M","+",0,1,1,1,1,0
"Takano","Mark","CA","N00006701","T000472",39,1960-12-10,"M","-",1,2,3,4,5,2500
"Takano","Mark","CA","N00006701","T000472",39,1960-12-10,"M","+",1,2,3,4,5,0
"Thompson","Bennie","MS","N00003288","T000193",2,1948-01-28,"M","-",11,12,13,14,15,26500
"Thompson","Bennie","MS","N00003288","T000193",2,1948-01-28,"M","+",11,12,13,14,15,0
"Thompson","Glenn","PA","N00029736","T000467",15,1959-07-27,"M","-",3,4,5,6,7,36000
"Thompson","Glenn","PA","N00029736","T000467",15,1959-07-27,"M","+",3,4,5,6,7,0
"Thompson","Mike","CA","N00007419","T000460",4,1951-01-24,"M","-",8,9,10,11,12,10000
"Thompson","Mike","CA","N00007419","T000460",4,1951-01-24,"M","+",8,9,10,11,12,500
"Thornberry","Mac","TX","N00006052","T000238",13,1958-07-15,"M","-",10,11,12,13,13,40825
"Thornberry","Mac","TX","N00006052","T000238",13,1958-07-15,"M","+",10,11,12,13,13,8000
"Tiberi","Patrick","OH","N00009699","T000462",12,1962-10-21,"M","-",7,8,9,9,9,45800
"Tiberi","Patrick","OH","N00009699","T000462",12,1962-10-21,"M","+",7,8,9,9,9,0
"Tipton","Scott","CO","N00027509","T000470",3,1956-11-09,"M","-",2,3,4,5,5,62850
"Tipton","Scott","CO","N00027509","T000470",3,1956-11-09,"M","+",2,3,4,5,5,0
"Titus","Dina","NV","N00030191","T000468",1,1950-05-23,"F","-",2,3,4,5,6,6000
"Titus","Dina","NV","N00030191","T000468",1,1950-05-23,"F","+",2,3,4,5,6,5500
"Tonko","Paul","NY","N00030196","T000469",20,1949-06-18,"M","-",3,4,5,6,7,12050
"Tonko","Paul","NY","N00030196","T000469",20,1949-06-18,"M","+",3,4,5,6,7,3175
"Torres","Norma","CA","N00036107","T000474",35,1965-04-04,"F","-",0,1,2,3,4,1000
"Torres","Norma","CA","N00036107","T000474",35,1965-04-04,"F","+",0,1,2,3,4,0
"Trott","Dave","MI","N00035607","T000475",11,1960-10-16,"M","-",0,1,2,2,2,8500
"Trott","Dave","MI","N00035607","T000475",11,1960-10-16,"M","+",0,1,2,2,2,0
"Tsongas","Niki","MA","N00029026","T000465",3,1946-04-26,"F","-",4,5,6,6,6,1250
"Tsongas","Niki","MA","N00029026","T000465",3,1946-04-26,"F","+",4,5,6,6,6,0
"Turner","Michael","OH","N00025175","T000463",10,1960-01-11,"M","-",6,7,8,9,10,24950
"Turner","Michael","OH","N00025175","T000463",10,1960-01-11,"M","+",6,7,8,9,10,0
"Upton","Fred","MI","N00004133","U000031",6,1953-04-23,"M","-",14,15,16,17,18,142613
"Upton","Fred","MI","N00004133","U000031",6,1953-04-23,"M","+",14,15,16,17,18,0
"Valadao","David","CA","N00033367","V000129",22,1977-04-14,"M","-",1,2,3,3,4,29250
"Valadao","David","CA","N00033367","V000129",22,1977-04-14,"M","+",1,2,3,3,4,1000
"Vargas","Juan","CA","N00007021","V000130",52,1961-03-07,"M","-",1,2,3,4,5,15800
"Vargas","Juan","CA","N00007021","V000130",52,1961-03-07,"M","+",1,2,3,4,5,0
"Veasey","Marc","TX","N00033839","V000131",33,1971-01-03,"M","-",1,2,3,4,5,21350
"Veasey","Marc","TX","N00033839","V000131",33,1971-01-03,"M","+",1,2,3,4,5,0
"Vela","Filemon","TX","N00034349","V000132",34,1963-02-13,"M","-",1,2,3,4,5,17400
"Vela","Filemon","TX","N00034349","V000132",34,1963-02-13,"M","+",1,2,3,4,5,500
"Velázquez","Nydia","NY","N00001102","V000081",7,1953-03-28,"F","-",11,12,13,14,15,0
"Velázquez","Nydia","NY","N00001102","V000081",7,1953-03-28,"F","+",11,12,13,14,15,0
"Visclosky","Peter","IN","N00003813","V000108",1,1949-08-13,"M","-",14,15,16,17,17,28000
"Visclosky","Peter","IN","N00003813","V000108",1,1949-08-13,"M","+",14,15,16,17,17,1500
"Wagner","Ann","MO","N00033106","W000812",2,1962-09-13,"F","-",1,2,3,4,5,17500
"Wagner","Ann","MO","N00033106","W000812",2,1962-09-13,"F","+",1,2,3,4,5,0
"Walberg","Tim","MI","N00026368","W000798",5,1951-04-12,"M","-",3,4,5,6,7,43750
"Walberg","Tim","MI","N00026368","W000798",5,1951-04-12,"M","+",3,4,5,6,7,0
"Walden","Greg","OR","N00007690","W000791",2,1957-01-10,"M","-",8,9,10,11,11,85850
"Walden","Greg","OR","N00007690","W000791",2,1957-01-10,"M","+",8,9,10,11,11,0
"Walker","Mark","NC","N00035311","W000819",6,1969-05-20,"M","-",0,1,2,3,3,8080
"Walker","Mark","NC","N00035311","W000819",6,1969-05-20,"M","+",0,1,2,3,3,0
"Walorski","Jackie","IN","N00031226","W000813",2,1963-08-17,"F","-",1,2,3,4,5,26750
"Walorski","Jackie","IN","N00031226","W000813",2,1963-08-17,"F","+",1,2,3,4,5,5000
"Walters","Mimi","CA","N00035391","W000820",45,1962-05-14,"F","-",0,1,2,2,2,24500
"Walters","Mimi","CA","N00035391","W000820",45,1962-05-14,"F","+",0,1,2,2,2,2000
"Walz","Timothy","MN","N00027467","W000799",1,1964-04-06,"M","-",4,5,6,6,6,16500
"Walz","Timothy","MN","N00027467","W000799",1,1964-04-06,"M","+",4,5,6,6,6,2000
"Wasserman Schultz","Debbie","FL","N00026106","W000797",25,1966-09-27,"F","-",5,6,7,8,9,6400
"Wasserman Schultz","Debbie","FL","N00026106","W000797",25,1966-09-27,"F","+",5,6,7,8,9,2850
"Waters","Maxine","CA","N00006690","W000187",43,1938-08-15,"F","-",12,13,14,15,16,2500
"Waters","Maxine","CA","N00006690","W000187",43,1938-08-15,"F","+",12,13,14,15,16,0
"Watson Coleman","Bonnie","NJ","N00036158","W000822",12,1945-02-06,"F","-",0,1,2,3,4,2000
"Watson Coleman","Bonnie","NJ","N00036158","W000822",12,1945-02-06,"F","+",0,1,2,3,4,1500
"Weber","Randy","TX","N00033539","W000814",14,1953-07-02,"M","-",1,2,3,4,5,26250
"Weber","Randy","TX","N00033539","W000814",14,1953-07-02,"M","+",1,2,3,4,5,0
"Webster","Daniel","FL","N00026335","W000806",11,1949-04-27,"M","-",2,3,4,5,6,4500
"Webster","Daniel","FL","N00026335","W000806",11,1949-04-27,"M","+",2,3,4,5,6,200
"Wenstrup","Brad","OH","N00033310","W000815",2,1958-06-17,"M","-",1,2,3,4,5,13100
"Wenstrup","Brad","OH","N00033310","W000815",2,1958-06-17,"M","+",1,2,3,4,5,100
"Westerman","Bruce","AR","N00035527","W000821",4,1967-11-18,"M","-",0,1,2,3,4,17850
"Westerman","Bruce","AR","N00035527","W000821",4,1967-11-18,"M","+",0,1,2,3,4,0
"Westmoreland","Lynn","GA","N00026163","W000796",3,1950-04-02,"M","-",5,6,6,6,6,0
"Westmoreland","Lynn","GA","N00026163","W000796",3,1950-04-02,"M","+",5,6,6,6,6,0
"Williams","Roger","TX","N00030602","W000816",25,1949-09-13,"M","-",1,2,3,4,5,32300
"Williams","Roger","TX","N00030602","W000816",25,1949-09-13,"M","+",1,2,3,4,5,0
"Wilson","Frederica","FL","N00030650","W000808",24,1942-11-05,"F","-",2,3,4,5,6,3500
"Wilson","Frederica","FL","N00030650","W000808",24,1942-11-05,"F","+",2,3,4,5,6,0
"Wilson","Joe","SC","N00024809","W000795",2,1947-07-31,"M","-",7,8,9,10,11,14750
"Wilson","Joe","SC","N00024809","W000795",2,1947-07-31,"M","+",7,8,9,10,11,0
"Wittman","Robert","VA","N00029459","W000804",1,1959-02-03,"M","-",4,5,6,7,8,9000
"Wittman","Robert","VA","N00029459","W000804",1,1959-02-03,"M","+",4,5,6,7,8,0
"Womack","Steve","AR","N00031857","W000809",3,1957-02-18,"M","-",2,3,4,5,6,11000
"Womack","Steve","AR","N00031857","W000809",3,1957-02-18,"M","+",2,3,4,5,6,0
"Woodall","Rob","GA","N00032416","W000810",7,1970-02-11,"M","-",2,3,4,5,5,18000
"Woodall","Rob","GA","N00032416","W000810",7,1970-02-11,"M","+",2,3,4,5,5,0
"Yarmuth","John","KY","N00028073","Y000062",3,1947-11-04,"M","-",4,5,6,7,8,1500
"Yarmuth","John","KY","N00028073","Y000062",3,1947-11-04,"M","+",4,5,6,7,8,0
"Yoder","Kevin","KS","N00031502","Y000063",3,1976-01-08,"M","-",2,3,4,4,4,10900
"Yoder","Kevin","KS","N00031502","Y000063",3,1976-01-08,"M","+",2,3,4,4,4,10000
"Yoho","Ted","FL","N00033220","Y000065",3,1955-04-13,"M","-",1,2,3,4,4,9900
"Yoho","Ted","FL","N00033220","Y000065",3,1955-04-13,"M","+",1,2,3,4,4,0
"Young","David","IA","N00035509","Y000066",3,1968-05-11,"M","-",0,1,2,2,2,21900
"Young","David","IA","N00035509","Y000066",3,1968-05-11,"M","+",0,1,2,2,2,7000
"Young","Don","AK","N00007999","Y000033",0,1933-06-09,"M","-",14,15,16,17,18,27800
"Young","Don","AK","N00007999","Y000033",0,1933-06-09,"M","+",14,15,16,17,18,0
"Zeldin","Lee","NY","N00029404","Z000017",1,1980-01-30,"M","-",0,1,2,3,4,13150
"Zeldin","Lee","NY","N00029404","Z000017",1,1980-01-30,"M","+",0,1,2,3,4,300
"Zinke","Ryan","MT","N00035616","Z000018",1,1961-11-01,"M","-",0,1,2,2,2,53460
"Zinke","Ryan","MT","N00035616","Z000018",1,1961-11-01,"M","+",0,1,2,2,2,0
