"BioID","GovtrackID","last_name","first_name","Vote3","Vote4","Vote51","Vote52","Vote6","Vote7","party","name","state","district","Vote_count","Vote_change"
NA,NA,"Roby","Martha","-","-","-","-","-",NA,"R","roby martha","AL","2",5,0
"R000575",400341,"Rogers","Mike D.","-","-","-","-","-","-","R","rogers mike d,rogers mike","AL","3",6,0
"A000055",400004,"Aderholt","Robert B.","-","-","-","-","-","-","R","aderholt robert b,aderholt robert","AL","4",6,0
"B001274",412395,"Brooks","Mo","-","-","-","-","-","-","R","brooks mo","AL","5",6,0
NA,NA,"Bachus","Spencer","-",NA,NA,NA,NA,NA,"R",NA,"AL","6",1,0
"S001185",412396,"Sewell","Terri","+","+","+","+","+","+","D","sewell terri","AL","7",6,0
"Y000033",400440,"Young","Don","-","-","-","-","-","-","R","young don","AK","0",6,0
"K000368",412286,"Kirkpatrick","Ann","+","+",NA,NA,NA,"+","D","kirkpatrick ann","AZ","1",3,0
NA,NA,"Barber","Ron","+",NA,NA,NA,NA,NA,"D",NA,"AZ","2",1,0
"G000551",400162,"Grijalva","Raul","+","+","+","+","+","+","D","grijalva raul","AZ","3",6,0
"G000565",412397,"Gosar","Paul","-","-","-","-","-",NA,"R","gosar paul","AZ","4",5,0
NA,NA,"Salmon","Matt","-","-",NA,NA,NA,NA,"R",NA,"AZ","5",2,0
"S001183",412399,"Schweikert","David","-","-","-","-","-","-","R","schweikert david","AZ","6",6,0
NA,NA,"Pastor","Ed","+",NA,NA,NA,NA,NA,"D",NA,"AZ","7",1,0
NA,NA,"Franks","Trent","-","-","-",NA,NA,NA,"R",NA,"AZ","8",3,0
NA,NA,"Sinema","Kyrsten","+","+","+",NA,NA,NA,"I",NA,"AZ","9",3,0
"C001087",412400,"Crawford","Rick","-","-","-","-","-","-","R","crawford rick","AR","1",6,0
NA,NA,"Griffin","Tim","-",NA,NA,NA,NA,NA,"R",NA,"AR","2",1,0
"W000809",412402,"Womack","Steve","-","-","-","-","-","-","R","womack steve","AR","3",6,0
NA,NA,"Cotton","Tom","-",NA,NA,NA,NA,NA,"R",NA,"AR","4",1,0
"L000578",412510,"LaMalfa","Doug","-","-","-","-","-","-","R","lamalfa doug","CA","1",6,0
"H001068",412511,"Huffman","Jared","+","+","+","+","+","+","D","huffman jared","CA","2",6,0
"G000559",412382,"Garamendi","John","+","+","+","+","+","+","D","garamendi john","CA","3",6,0
"M001177",412295,"McClintock","Tom","-","-","-","-","-","-","R","mcclintock tom","CA","4",6,0
"T000460",400403,"Thompson","Mike","+","+","+","+","+","+","D","thompson mike","CA","5",6,0
"M001163",400663,"Matsui","Doris O.","+","+","+","+","+","+","D","matsui doris o,matsui doris","CA","6",6,0
"B001287",412512,"Bera","Ami","+","+","+","+","+","+","D","bera ami","CA","7",6,0
NA,NA,"Cook","Paul","-","-","-","-","-",NA,"R","cook paul","CA","8",5,0
"M001166",412189,"McNerney","Jerry","+","+","+","+","+","+","D","mcnerney jerry","CA","9",6,0
NA,NA,"Denham","Jeff","-","-","-","-",NA,NA,"R",NA,"CA","10",4,0
NA,NA,"Miller","George","+",NA,NA,NA,NA,NA,"D",NA,"CA","11",1,0
"P000197",400314,"Pelosi","Nancy","+","+","+","+",NA,NA,"D","pelosi nancy","CA","12",4,0
"L000551",400237,"Lee","Barbara J.","+","+","+","+","+","+","D","lee barbara j,lee barbara","CA","13",6,0
"S001175",412259,"Speier","Jackie","+","+","+",NA,"+","+","D","speier jackie","CA","14",5,0
"S001193",412514,"Swalwell","Eric","+","+","+","+",NA,"+","D","swalwell eric","CA","15",5,0
"C001059",400618,"Costa","Jim","-","+",NA,"+","-","+","D","costa jim","CA","16",5,3
NA,NA,"Honda","Mike","+","+",NA,NA,NA,NA,"D",NA,"CA","17",2,0
"E000215",400124,"Eshoo","Anna G.","+",NA,"+","+","+","+","D","eshoo anna g,eshoo anna","CA","18",5,0
"L000397",400245,"Lofgren","Zoe","+","+","+","+","+","+","D","lofgren zoe","CA","19",6,0
NA,NA,"Farr","Sam","+","+",NA,NA,NA,NA,"D",NA,"CA","20",2,0
NA,NA,"Valadao","David G.","-","-","-","-",NA,NA,"R",NA,"CA","21",4,0
"N000181",400297,"Nunes","Devin G.","-","-","-","-","-","-","R","nunes devin g,nunes devin","CA","22",6,0
"M001165",412190,"McCarthy","Kevin","-","-","-","-","-","-","R","mccarthy kevin","CA","23",6,0
NA,NA,"Capps","Lois","+","+",NA,NA,NA,NA,"D",NA,"CA","24",2,0
NA,NA,"McKeon","Buck P.","-",NA,NA,NA,NA,NA,"R",NA,"CA","25",1,0
"B001285",412516,"Brownley","Julia","+","+","+","+","+","+","D","brownley julia","CA","26",6,0
"C001080",412379,"Chu","Judy M.","+","+","+","+","+","+","D","chu judy m,chu judy","CA","27",6,0
"S001150",400361,"Schiff","Adam B.","+","+","+","+","+","+","D","schiff adam b,schiff adam","CA","28",6,0
"C001097",412517,"Cárdenas","Tony","+","+","+",NA,"+","+","D","c rdenas tony","CA","29",5,0
"S000344",400371,"Sherman","Brad J.","+","+","+","+","+","+","D","sherman brad j,sherman brad","CA","30",6,0
NA,NA,"Miller","Gary G.","-",NA,NA,NA,NA,NA,"R",NA,"CA","31",1,0
"N000179",400290,"Napolitano","Grace","+","+","+","+","+","+","D","napolitano grace","CA","32",6,0
NA,NA,"Waxman","Henry A.","+",NA,NA,NA,NA,NA,"D",NA,"CA","33",1,0
NA,NA,"Becerra","Xavier","+","+",NA,NA,NA,NA,"D",NA,"CA","34",2,0
NA,NA,"Negrete McLeod","Gloria","+",NA,NA,NA,NA,NA,"D",NA,"CA","35",1,0
"R000599",412519,"Ruiz","Raul","+","+","+","+","+","+","D","ruiz raul","CA","36",6,0
"B001270",412404,"Bass","Karen","+","+","+",NA,"+","+","D","bass karen","CA","37",5,0
"S001156",400355,"Sanchez","Linda","+","+","+","+","+","+","D","sanchez linda","CA","38",6,0
NA,NA,"Royce","Ed","-","-","-","-",NA,NA,"R",NA,"CA","39",4,0
"R000486",400347,"Roybal-Allard","Lucille","+","+","+","+","+","+","D","roybal allard lucille","CA","40",6,0
"T000472",412520,"Takano","Mark","+","+","+","+","+","+","D","takano mark","CA","41",6,0
"C000059",400057,"Calvert","Ken S.","-","-","-","-","-","-","R","calvert ken s,calvert ken","CA","42",6,0
"W000187",400422,"Waters","Maxine","+","+","+","+","+","+","D","waters maxine","CA","43",6,0
NA,NA,"Hahn","Janice","+","+",NA,NA,NA,NA,"D",NA,"CA","44",2,0
NA,NA,"Campbell","John",NA,NA,NA,NA,NA,NA,"R",NA,"CA","45",0,0
NA,NA,"Sanchez","Loretta L.","+","+",NA,NA,NA,NA,"D",NA,"CA","46",2,0
"L000579",412521,"Lowenthal","Alan S.","+","+","+","+","+","+","D","lowenthal alan s,lowenthal alan","CA","47",6,0
NA,NA,"Rohrabacher","Dana T.","-","-","-","-",NA,NA,"R",NA,"CA","48",4,0
"I000056",400196,"Issa","Darrell","-","-","-","-",NA,NA,"R","issa darrell","CA","49",4,0
NA,NA,"Hunter","Duncan D.","-","-","-","-","-",NA,"R","hunter duncan d","CA","50",5,0
"V000130",412522,"Vargas","Juan","+","+","+","+","+","+","D","vargas juan","CA","51",6,0
"P000608",412523,"Peters","Scott H.","+","+","+",NA,"+","+","D","peters scott h,peters scott","CA","52",5,0
NA,NA,"Davis","Susan A.","+","+","+","+","+",NA,"D","davis susan a","CA","53",5,0
"D000197",400101,"DeGette","Diana L.","+","+","+","+","+","+","D","degette diana l,degette diana","CO","1",6,0
NA,NA,"Polis","Jared","+","+","+","+",NA,NA,"D",NA,"CO","2",4,0
NA,NA,"Tipton","Scott","-","-","-","-","-",NA,"R","tipton scott","CO","3",5,0
NA,NA,"Gardner","Cory","-",NA,NA,NA,NA,NA,"R",NA,"CO","4",1,0
"L000564",412191,"Lamborn","Doug","-","-","-","-","-","-","R","lamborn doug","CO","5",6,0
NA,NA,"Coffman","Mike","-","-","-","+",NA,NA,"R",NA,"CO","6",4,1
"P000593",412192,"Perlmutter","Ed","+","+","+","+","+","+","D","perlmutter ed","CO","7",6,0
"L000557",400233,"Larson","John B.","+","+","+","+","+","+","D","larson john b,larson john","CT","1",6,0
"C001069",412193,"Courtney","Joe","+","+","+","+","+","+","D","courtney joe","CT","2",6,0
"D000216",400103,"DeLauro","Rosa L.","+","+",NA,"+","+","+","D","delauro rosa l,delauro rosa","CT","3",5,0
"H001047",412282,"Himes","Jim","+","+","+","+","+","+","D","himes jim","CT","4",6,0
NA,NA,"Esty","Elizabeth H.","+","+","+","+",NA,NA,"D",NA,"CT","5",4,0
NA,NA,"Carney","John","+","+",NA,NA,NA,NA,"D",NA,"DE","0",2,0
NA,NA,"Miller","Jeff","-","-",NA,NA,NA,NA,"R",NA,"FL","1",2,0
NA,NA,"Southerland","Steve","-",NA,NA,NA,NA,NA,"R",NA,"FL","2",1,0
NA,NA,"Yoho","Ted S.","-","-","-","-","-",NA,"R","yoho ted s","FL","3",5,0
NA,NA,"Crenshaw","Ander","-","-",NA,NA,NA,NA,"R",NA,"FL","4",2,0
NA,NA,"Brown","Corrine","+","+",NA,NA,NA,NA,"D",NA,"FL","5",2,0
NA,NA,"DeSantis","Ron","-","-","-",NA,NA,NA,"R",NA,"FL","6",3,0
NA,NA,"Mica","John L.","-","-",NA,NA,NA,NA,"R",NA,"FL","7",2,0
"P000599",412309,"Posey","Bill","-","-",NA,"-","-","-","R","posey bill","FL","8",5,0
NA,NA,"Grayson","Alan","+","+",NA,NA,NA,NA,"D",NA,"FL","9",2,0
"W000806",412410,"Webster","Daniel","-","-","-","-","-","-","R","webster daniel","FL","10",6,0
NA,NA,"Nugent","Rich","-","-",NA,NA,NA,NA,"R",NA,"FL","11",2,0
"B001257",412250,"Bilirakis","Gus","-","-","-","-","-","-","R","bilirakis gus","FL","12",6,0
"C001066",412195,"Castor","Kathy","+","+",NA,"+","+","+","D","castor kathy","FL","14",5,0
NA,NA,"Ross","Dennis","-","-",NA,"-",NA,NA,"R",NA,"FL","15",3,0
"B001260",412196,"Buchanan","Vern","-","-","-","-","-","-","R","buchanan vern","FL","16",6,0
NA,NA,"Rooney","Tom","-","-","-","-",NA,NA,"R",NA,"FL","17",4,0
NA,NA,"Murphy","Patrick","+","+",NA,NA,NA,NA,"D",NA,"FL","18",2,0
NA,NA,"Radel","Trey",NA,NA,NA,NA,NA,NA,"R",NA,"FL","19",0,0
"H000324",400170,"Hastings","Alcee L.","+",NA,"+","+",NA,NA,"D","hastings alcee l,hastings alcee","FL","20",3,0
"D000610",412385,"Deutch","Ted","+","+","+","+","+","+","D","deutch ted","FL","21",6,0
"F000462",412529,"Frankel","Lois","+","+","+","+","+","+","D","frankel lois","FL","22",6,0
"W000797",400623,"Wasserman Schultz","Debbie",NA,"+","+","+","+","+","D","wasserman schultz debbie","FL","23",5,0
"W000808",412412,"Wilson","Frederica","+","+","+","+","+","+","D","wilson frederica","FL","24",6,0
"D000600",400108,"Díaz-Balart","Mario","-","-",NA,"-","-","-","R","d az balart mario,diaz balart mario","FL","25",5,0
NA,NA,"Garcia","Joe","+",NA,NA,NA,NA,NA,"D",NA,"FL","26",1,0
NA,NA,"Ros-Lehtinen","Ileana","-","+",NA,"+",NA,NA,"R",NA,"FL","27",3,1
NA,NA,"Kingston","Jack","-",NA,NA,NA,NA,NA,"R",NA,"GA","1",1,0
"B000490",400030,"Bishop","Sanford D.","+","-","+","-","+","+","D","bishop sanford d,bishop sanford","GA","2",6,4
NA,NA,"Westmoreland","Lynn A.","-","-",NA,NA,NA,NA,"R",NA,"GA","3",2,0
"J000288",412199,"Johnson","Hank","+","+","+","+","+","+","D","johnson hank","GA","4",6,0
NA,NA,"Lewis","John R.","+","+","+","+","+",NA,"D","lewis john r","GA","5",5,0
NA,NA,"Price","Tom","-","-",NA,NA,NA,NA,"R",NA,"GA","6",2,0
NA,NA,"Woodall","Rob","-","-","-","-","-",NA,"R","woodall rob","GA","7",5,0
"S001189",412417,"Scott","Austin","-","-","-","-","-","-","R","scott austin","GA","8",6,0
NA,NA,"Collins","Doug","-","-","-","-","-",NA,"R","collins doug","GA","9",5,0
NA,NA,"Broun","Paul C.","-",NA,NA,NA,NA,NA,"R",NA,"GA","10",1,0
NA,NA,"Gingrey","Phil","-",NA,NA,NA,NA,NA,"R",NA,"GA","11",1,0
NA,NA,"Barrow","John","-",NA,NA,NA,NA,NA,"D",NA,"GA","12",1,0
"S001157",400363,"Scott","David","+","+","+","+","+","+","D","scott david","GA","13",6,0
NA,NA,"Graves","Tom","-","-","-","-","-",NA,"R","graves tom","GA","14",5,0
NA,NA,"Hanabusa","Colleen","+",NA,"+",NA,NA,NA,"D",NA,"HI","1",2,0
NA,NA,"Gabbard","Tulsi","+","+","+","+","+",NA,"D","gabbard tulsi","HI","2",5,0
NA,NA,"Labrador","Raul","-","-","-","-",NA,NA,"R",NA,"ID","1",4,0
"S001148",400376,"Simpson","Mike","-","-","-","-","-","-","R","simpson mike","ID","2",6,0
"R000515",400350,"Rush","Bobby L.",NA,"+","+","+","+","+","D","rush bobby l,rush bobby","IL","1",5,0
"K000385",412595,"Kelly","Robin","+","+","+","+","+","+","D","kelly robin","IL","2",6,0
NA,NA,"Lipinski","Dan","+","+","+","+","+",NA,"D","lipinski dan","IL","3",5,0
NA,NA,"Gutierrez","Luis V.","+","+","+","+",NA,NA,"D",NA,"IL","4",4,0
"Q000023",412331,"Quigley","Mike","+","+","+","+","+","+","D","quigley mike","IL","5",6,0
NA,NA,"Roskam","Peter J.","-","-","-","+",NA,NA,"R",NA,"IL","6",4,1
"D000096",400093,"Davis","Danny K.","+","+","+","+","+","+","D","davis danny k,davis danny","IL","7",6,0
NA,NA,"Duckworth","Tammy","+","+",NA,NA,NA,NA,"D",NA,"IL","8",2,0
"S001145",400360,"Schakowsky","Jan","+","+","+","+","+","+","D","schakowsky jan","IL","9",6,0
"S001190",412534,"Schneider","Brad","+",NA,"+","+","+","+","D","schneider brad","IL","10",5,0
"F000454",412257,"Foster","Bill","+","+","+","+","+","+","D","foster bill","IL","11",6,0
NA,NA,"Enyart","Bill","+",NA,NA,NA,NA,NA,"D",NA,"IL","12",1,0
"D000619",412536,"Davis","Rodney","-","-","-","-","-","-","R","davis rodney","IL","13",6,0
NA,NA,"Hultgren","Randy","-","-","-","-",NA,NA,"R",NA,"IL","14",4,0
NA,NA,"Shimkus","John M.","-","-","-","-","-",NA,"R","shimkus john m","IL","15",5,0
"K000378",412421,"Kinzinger","Adam","-","-","-","-","-","-","R","kinzinger adam","IL","16",6,0
"B001286",412537,"Bustos","Cheri","+","+","+","+","+","+","D","bustos cheri","IL","17",6,0
NA,NA,"Schock","Aaron","-",NA,NA,NA,NA,NA,"R",NA,"IL","18",1,0
NA,NA,"Visclosky","Peter J.","+","+","+","+","+",NA,"D","visclosky peter j","IN","1",5,0
"W000813",412538,"Walorski","Jackie","-","-","-","-","-","-","R","walorski jackie","IN","2",6,0
NA,NA,"Stutzman","Marlin","-","-",NA,NA,NA,NA,"R",NA,"IN","3",2,0
NA,NA,"Rokita","Todd","-","-","-","-",NA,NA,"R",NA,"IN","4",4,0
NA,NA,"Brooks","Susan W.","-","-","-","-","-",NA,"R","brooks susan w","IN","5",5,0
NA,NA,"Messer","Luke","-","-","-","-",NA,NA,"R",NA,"IN","6",4,0
"C001072",412258,"Carson","Andre","+","+","+","+","+","+","D","carson andre","IN","7",6,0
"B001275",412427,"Bucshon","Larry","-","-","-","-","-","-","R","bucshon larry","IN","8",6,0
NA,NA,"Young","Todd","-","-",NA,NA,NA,NA,"R",NA,"IN","9",2,0
NA,NA,"Braley","Bruce","+",NA,NA,NA,NA,NA,"D",NA,"IA","1",1,0
NA,NA,"Loebsack","Dave W.","+","+","+","+","+",NA,"D","loebsack dave w","IA","2",5,0
NA,NA,"Latham","Tom","-",NA,NA,NA,NA,NA,"R",NA,"IA","3",1,0
NA,NA,"King","Steve A.","-","-","-","-","-",NA,"R","king steve a","IA","4",5,0
NA,NA,"Huelskamp","Tim","-","-",NA,NA,NA,NA,"R",NA,"KS","1",2,0
NA,NA,"Jenkins","Lynn M.","-","-","-","-",NA,NA,"R",NA,"KS","2",4,0
NA,NA,"Yoder","Kevin","-","-","-","-",NA,NA,"R",NA,"KS","3",4,0
NA,NA,"Pompeo","Mike","-","-",NA,NA,NA,NA,"R",NA,"KS","4",2,0
NA,NA,"Whitfield","Ed","-","-",NA,NA,NA,NA,"R",NA,"KY","1",2,0
"G000558",412278,"Guthrie","Brett","-","-","-","-","-","-","R","guthrie brett","KY","2",6,0
"Y000062",412211,"Yarmuth","John","+","+","+","+","+","+","D","yarmuth john","KY","3",6,0
"M001184",412503,"Massie","Thomas","-","-","-","-","-","-","R","massie thomas","KY","4",6,0
"R000395",400340,"Rogers","Harold","-","-","-","-","-","-","R","rogers harold","KY","5",6,0
"B001282",412541,"Barr","Garland","-","-","-","-","-",NA,"R","barr garland","KY","6",5,0
"S001176",412261,"Scalise","Steve","-","-",NA,"-","-","-","R","scalise steve","LA","1",5,0
"R000588",412432,"Richmond","Cedric L","+","+","+",NA,"+",NA,"D","richmond cedric l,richmond cedric","LA","2",4,0
NA,NA,"Boustany","Charles","-","-",NA,NA,NA,NA,"R",NA,"LA","3",2,0
NA,NA,"Fleming","John","-","-",NA,NA,NA,NA,"R",NA,"LA","4",2,0
NA,NA,"Cassidy","Bill","-",NA,NA,NA,NA,NA,"R",NA,"LA","6",1,0
"P000597",412307,"Pingree","Chellie M.","+","+","+","+","+","+","D","pingree chellie m,pingree chellie","ME","1",6,0
NA,NA,"Michaud","Michael H.","+",NA,NA,NA,NA,NA,"D",NA,"ME","2",1,0
"H001052",412434,"Harris","Andy","-","-","-","-","-","-","R","harris andy","MD","1",6,0
"R000576",400349,"Ruppersberger","C.A. Dutch","+","+","+","+","+","+","D","ruppersberger c a dutch","MD","2",6,0
"S001168",412212,"Sarbanes","John P.","+","+","+","+","+","+","D","sarbanes john p,sarbanes john","MD","3",6,0
NA,NA,"Edwards","Donna","+","+",NA,NA,NA,NA,"D",NA,"MD","4",2,0
"H000874",400189,"Hoyer","Steny H.","+","+","+",NA,"+","+","D","hoyer steny h,hoyer steny","MD","5",5,0
NA,NA,"Delaney","John K.","+","+","+","+",NA,NA,"D",NA,"MD","6",4,0
NA,NA,"Cummings","Elijah E.","+","+","+","+","+",NA,"D","cummings elijah e","MD","7",5,0
NA,NA,"Van Hollen","Chris","+","+",NA,NA,NA,NA,"D",NA,"MD","8",2,0
"N000015",400291,"Neal","Richard E.","+","+","+","+","+","+","D","neal richard e,neal richard","MA","1",6,0
"M000312",400263,"McGovern","Jim","+","+","+","+","+","+","D","mcgovern jim","MA","2",6,0
NA,NA,"Tsongas","Niki","+","+","+","+",NA,NA,"D",NA,"MA","3",4,0
NA,NA,"Kennedy","Joseph P.","+","+","+","+","+",NA,"D","kennedy joseph p","MA","4",5,0
NA,NA,"Tierney","John F.","+",NA,NA,NA,NA,NA,"D",NA,"MA","6",1,0
NA,NA,"Capuano","Michael E.","+","+","+","+",NA,NA,"D",NA,"MA","7",4,0
"L000562",400249,"Lynch","Stephen F.","+","+","+","+","+","+","D","lynch stephen f,lynch stephen","MA","8",6,0
"K000375",412435,"Keating","Bill","+","+","+","+","+","+","D","keating bill","MA","9",6,0
NA,NA,"Benishek","Dan","-","-",NA,NA,NA,NA,"R",NA,"MI","1",2,0
"H001058",412437,"Huizenga","Bill","-","-","-","-","-","-","R","huizenga bill","MI","2",6,0
NA,NA,"Amash","Justin","-","-","-","-","-",NA,"R","amash justin","MI","3",5,0
NA,NA,"Camp","Dave","-",NA,NA,NA,NA,NA,"R",NA,"MI","4",1,0
"K000380",412546,"Kildee","Daniel T.","+","+","+","+","+","+","D","kildee daniel t,kildee daniel","MI","5",6,0
"U000031",400414,"Upton","Fred","-","-","-","+","+","+","R","upton fred","MI","6",6,1
"W000798",412213,"Walberg","Tim","-","-","-","-","-","-","R","walberg tim","MI","7",6,0
NA,NA,"Rogers","Mike J.","-",NA,NA,NA,NA,NA,"R",NA,"MI","8",1,0
NA,NA,"Levin","Sander M.","+","+","+","+",NA,NA,"D",NA,"MI","9",4,0
NA,NA,"Miller","Candice S.","-","-",NA,NA,NA,NA,"R",NA,"MI","10",2,0
NA,NA,"Bentivolio","Kerry L.","-",NA,NA,NA,NA,NA,"R",NA,"MI","11",1,0
NA,NA,"Dingell","John D.","+",NA,NA,NA,NA,NA,"D",NA,"MI","12",1,0
NA,NA,"Conyers","John","+","+","+",NA,NA,NA,"D",NA,"MI","13",3,0
NA,NA,"Peters","Gary C.","+",NA,NA,NA,NA,NA,"D",NA,"MI","14",1,0
NA,NA,"Walz","Tim","+","+","+",NA,NA,NA,"D",NA,"MN","1",3,0
NA,NA,"Kline","John P.","-","-",NA,NA,NA,NA,"R",NA,"MN","2",2,0
NA,NA,"Paulsen","Erik","-","-","-",NA,NA,NA,"R",NA,"MN","3",3,0
"M001143",400259,"McCollum","Betty","+","+","+","+","+","+","D","mccollum betty","MN","4",6,0
NA,NA,"Ellison","Keith M.","+","+","+","+",NA,NA,"D",NA,"MN","5",4,0
NA,NA,"Bachmann","Michele","-",NA,NA,NA,NA,NA,"R",NA,"MN","6",1,0
NA,NA,"Peterson","Collin C.","-","-","-",NA,"+",NA,"D","peterson collin c","MN","7",4,0
NA,NA,"Nolan","Rick","+","+","+","+",NA,NA,"D",NA,"MN","8",4,0
NA,NA,"Nunnelee","Alan","-",NA,NA,NA,NA,NA,"R",NA,"MS","1",1,0
"T000193",400402,"Thompson","Bennie G.","+","+","+","+","+","+","D","thompson bennie g,thompson bennie","MS","2",6,0
NA,NA,"Harper","Gregg","-","-","-","-",NA,NA,"R",NA,"MS","3",4,0
"P000601",412443,"Palazzo","Steven","-","-","-","-","-","-","R","palazzo steven","MS","4",6,0
NA,NA,"Clay","William Lacy","+","+","+","+","+",NA,"D","clay william lacy","MO","1",5,0
"W000812",412548,"Wagner","Ann","-","-","-","-","-","-","R","wagner ann","MO","2",6,0
"L000569",412292,"Luetkemeyer","Blaine","-","-","-","-","-","-","R","luetkemeyer blaine","MO","3",6,0
"H001053",412444,"Hartzler","Vicky","-","-","-","-","-","-","R","hartzler vicky","MO","4",6,0
"C001061",400639,"Cleaver","Emanuel","+","+","+","+","+","+","D","cleaver emanuel","MO","5",6,0
"G000546",400158,"Graves","Sam","-","-",NA,"-","-","-","R","graves sam","MO","6",5,0
"L000576",412445,"Long","Billy","-","-","-","-","-","-","R","long billy","MO","7",6,0
"S001195",412596,"Smith","Jason T.","-","-","-","-","-","-","R","smith jason t,smith jason","MO","8",6,0
NA,NA,"Daines","Steve","-",NA,NA,NA,NA,NA,"R",NA,"MT","0",1,0
"F000449",400640,"Fortenberry","Jeff","-","-","-","-","-","-","R","fortenberry jeff","NE","1",6,0
NA,NA,"Terry","Lee R.","-",NA,NA,NA,NA,NA,"R",NA,"NE","2",1,0
"S001172",412217,"Smith","Adrian M.","-","-","-","-","-","-","R","smith adrian m,smith adrian","NE","3",6,0
"T000468",412318,"Titus","Dina","+","+","+","+","+","+","D","titus dina","NV","1",6,0
"A000369",412500,"Amodei","Mark E.","-","-","-","-","-","-","R","amodei mark e,amodei mark","NV","2",6,0
NA,NA,"Heck","Joe","-","-",NA,NA,NA,NA,"R",NA,"NV","3",2,0
"H001066",412559,"Horsford","Steven A.","+",NA,NA,NA,"+","+","D","horsford steven a,horsford steven","NV","4",3,0
NA,NA,"Shea-Porter","Carol","+",NA,"+",NA,NA,NA,"D",NA,"NH","1",2,0
"K000382",412557,"Kuster","Ann M.","+","+","+","+","+","+","D","kuster ann m,kuster ann","NH","2",6,0
NA,NA,"Andrews","Robert E.","+",NA,NA,NA,NA,NA,"D",NA,"NJ","1",1,0
NA,NA,"LoBiondo","Frank A.","-","-","-","-",NA,NA,"R",NA,"NJ","2",4,0
NA,NA,"Runyan","Jon","-",NA,NA,NA,NA,NA,"R",NA,"NJ","3",1,0
"S000522",400380,"Smith","Christopher H.","-","-","+","+","+","-","R","smith christopher h,smith christopher","NJ","4",6,2
NA,NA,"Garrett","E. Scott","-","-",NA,NA,NA,NA,"R",NA,"NJ","5",2,0
"P000034",400308,"Pallone","Frank J.","+","+","+","+","+","+","D","pallone frank j,pallone frank","NJ","6",6,0
NA,NA,"Lance","Leonard","-","-","-","+",NA,NA,"R",NA,"NJ","7",4,1
"S001165",412186,"Sires","Albio","+","+","+","+","+","+","D","sires albio","NJ","8",6,0
"P000096",400309,"Pascrell","Bill","+","+","+","+","+","+","D","pascrell bill","NJ","9",6,0
"P000604",412506,"Payne","Donald M.","+","+","+","+","+","+","D","payne donald m,payne donald","NJ","10",6,0
NA,NA,"Frelinghuysen","Rodney P.","-","-","-","-",NA,NA,"R",NA,"NJ","11",4,0
NA,NA,"Holt","Rush D.","+",NA,NA,NA,NA,NA,"D",NA,"NJ","12",1,0
NA,NA,"Lujan Grisham","Michelle","+","+","+","+",NA,NA,"D",NA,"NM","1",4,0
NA,NA,"Pearce","Steve","-",NA,"-","-",NA,NA,"R",NA,"NM","2",3,0
NA,NA,"Luján","Ben Ray","+","+","+","+","+",NA,"D","luj n ben ray","NM","3",5,0
NA,NA,"Bishop","Timothy H.","+",NA,NA,NA,NA,NA,"D",NA,"NY","1",1,0
NA,NA,"King","Peter T.","-","-","-","-","-",NA,"R","king peter t","NY","2",5,0
NA,NA,"Israel","Steve J.","+","+",NA,NA,NA,NA,"D",NA,"NY","3",2,0
NA,NA,"McCarthy","Carolyn",NA,NA,NA,NA,NA,NA,"D",NA,"NY","4",0,0
"M001137",400271,"Meeks","Gregory W.","+","+","+","+","+","+","D","meeks gregory w,meeks gregory","NY","5",6,0
"M001188",412560,"Meng","Grace","+","+","+","+","+","+","D","meng grace","NY","6",6,0
"V000081",400416,"Velázquez ","Nydia","+","+","+","+","+","+","D","vel zquez nydia,velazquez nydia","NY","7",6,0
"J000294",412561,"Jeffries","Hakeem S.","+","+","+","+","+","+","D","jeffries hakeem s,jeffries hakeem","NY","8",6,0
"C001067",412221,"Clarke","Yvette D.","+","+","+","+","+","+","D","clarke yvette d,clarke yvette","NY","9",6,0
"N000002",400289,"Nadler","Jerrold L.","+","+","+","+","+","+","D","nadler jerrold l,nadler jerrold","NY","10",6,0
NA,NA,"Grimm","Michael","-",NA,NA,NA,NA,NA,"R",NA,"NY","11",1,0
"M000087",400251,"Maloney","Carolyn B.","+","+","+","+","+","+","D","maloney carolyn b,maloney carolyn","NY","12",6,0
NA,NA,"Rangel","Charles","+","+",NA,NA,NA,NA,"D",NA,"NY","13",2,0
NA,NA,"Crowley","Joseph","+","+","+","+",NA,NA,"D",NA,"NY","14",4,0
NA,NA,"Serrano","Jose","+","+","+","+","+",NA,"D","serrano jose","NY","15",5,0
NA,NA,"Engel","Eliot L.","+","+","+","+","+",NA,"D","engel eliot l","NY","16",5,0
NA,NA,"Lowey","Nita M.","+","+","+","+","+",NA,"D","lowey nita m","NY","17",5,0
NA,NA,"Maloney","Sean Patrick","+","+","+","+","+",NA,"D","maloney sean patrick","NY","18",5,0
NA,NA,"Gibson","Chris","+","+",NA,NA,NA,NA,"R",NA,"NY","19",2,0
"T000469",412319,"Tonko","Paul D.","+","+","+","+","+","+","D","tonko paul d,tonko paul","NY","20",6,0
NA,NA,"Owens","Bill","+",NA,NA,NA,NA,NA,"D",NA,"NY","21",1,0
NA,NA,"Hanna","Richard","-","+",NA,NA,NA,NA,"R",NA,"NY","22",2,1
"R000585",412393,"Reed","Tom","-","-","-","-","-","+","R","reed tom","NY","23",6,1
NA,NA,"Maffei","Dan","+",NA,NA,NA,NA,NA,"D",NA,"NY","24",1,0
NA,NA,"Slaughter","Louise","+","+","+",NA,NA,NA,"D",NA,"NY","25",3,0
"H001038",400641,"Higgins","Brian M.","+","+","+","+","+","+","D","higgins brian m,higgins brian","NY","26",6,0
NA,NA,"Collins","Chris","-","-","-","-","-",NA,"R","collins chris","NY","27",5,0
"B001251",400616,"Butterfield","G.K.","+","+","+","+","+","+","D","butterfield g k","NC","1",6,0
NA,NA,"Ellmers","Renee","-","-",NA,NA,NA,NA,"R",NA,"NC","2",2,0
NA,NA,"Jones","Jr.","-","-","-","-",NA,NA,"R,D,R",NA,"NC","3",4,0
"P000523",400326,"Price","David","+","+","+","+","+","+","D","price david","NC","4",6,0
"F000450",400643,"Foxx","Virginia","-","-","-","-","-","-","R","foxx virginia","NC","5",6,0
NA,NA,"Coble","Howard","-",NA,NA,NA,NA,NA,"R",NA,"NC","6",1,0
NA,NA,"McIntyre","Mike","+",NA,NA,NA,NA,NA,"D",NA,"NC","7",1,0
"H001067",412550,"Hudson","Richard","-","-","-","-","-","-","R","hudson richard","NC","8",6,0
NA,NA,"Pittenger","Robert","-","-","-","-",NA,NA,"R",NA,"NC","9",4,0
"M001156",400644,"McHenry","Patrick T.","-","-","-","-","-","-","R","mchenry patrick t,mchenry patrick","NC","10",6,0
NA,NA,"Meadows","Mark","-","-","-","-","-",NA,"R","meadows mark","NC","11",5,0
NA,NA,"Watt","Mel","+",NA,NA,NA,NA,NA,"D",NA,"NC","12",1,0
NA,NA,"Holding","George","-","-","-","-","-",NA,"R","holding george","NC","13",5,0
NA,NA,"Cramer","Kevin","-","-","-","-",NA,NA,"R",NA,"ND","0",4,0
"C000266",400071,"Chabot","Steve","-","-","-","-","-","-","R","chabot steve","OH","1",6,0
"W000815",412564,"Wenstrup","Brad R.","-","-","-","-","-","-","R","wenstrup brad r,wenstrup brad","OH","2",6,0
"B001281",412565,"Beatty","Joyce","+","+","+","+","+","+","D","beatty joyce","OH","3",6,0
"J000289",412226,"Jordan","Jim","-","-","-","-","-","-","R","jordan jim","OH","4",6,0
"L000566",412256,"Latta","Bob","-","-","-","-","-","-","R","latta bob","OH","5",6,0
"J000292",412460,"Johnson","Bill","-","-","-","-","-","-","R","johnson bill","OH","6",6,0
"G000563",412463,"Gibbs","Bob","-","-","-","-","-","-","R","gibbs bob","OH","7",6,0
NA,NA,"Boehner","John",NA,NA,NA,NA,NA,NA,"R",NA,"OH","8",0,0
"K000009",400211,"Kaptur","Marcy","+","+","+","+","+","+","D","kaptur marcy","OH","9",6,0
"T000463",400411,"Turner","Michael R.","-","-","-","-","-","-","R","turner michael r,turner michael","OH","10",6,0
"F000455",412327,"Fudge","Marcia L.","+","+","+","+","+",NA,"D","fudge marcia l,fudge marcia","OH","11",5,0
NA,NA,"Tiberi","Pat","-","-",NA,NA,NA,NA,"R",NA,"OH","12",2,0
"R000577",400352,"Ryan","Tim","+","+","+","+",NA,"+","D","ryan tim","OH","13",5,0
"J000295",412566,"Joyce","David P.","-","-","-","-","-","-","R","joyce david p,joyce david","OH","14",6,0
"S001187",412461,"Stivers","Steve","-","-","-","-","-",NA,"R","stivers steve","OH","15",5,0
NA,NA,"Renacci","Jim","-","-","-","-",NA,NA,"R",NA,"OH","16",4,0
NA,NA,"Bridenstine","Jim","-","-",NA,NA,NA,NA,"R",NA,"OK","1",2,0
"M001190",412568,"Mullin","Markwayne","-","-","-","-","-","-","R","mullin markwayne","OK","2",6,0
"L000491",400247,"Lucas","Frank D.","-","-","-","-","-","-","R","lucas frank d,lucas frank","OK","3",6,0
"C001053",400077,"Cole","Tom","-","-","-","-","-","-","R","cole tom","OK","4",6,0
NA,NA,"Lankford","James","-",NA,NA,NA,NA,NA,"R",NA,"OK","5",1,0
"B001278",412501,"Bonamici","Suzanne","+","+","+","+","+","+","D","bonamici suzanne","OR","1",6,0
NA,NA,"Walden","Greg P.","-","-","-","-","-",NA,"R","walden greg p","OR","2",5,0
"B000574",400033,"Blumenauer","Earl","+","+","+","+","+","+","D","blumenauer earl","OR","3",6,0
"D000191",400100,"DeFazio","Peter A.","+","+","+","+","+","+","D","defazio peter a,defazio peter","OR","4",6,0
"S001180",412315,"Schrader","Kurt","+","+","+","+","+","+","D","schrader kurt","OR","5",6,0
NA,NA,"Brady","Robert A.","+","+","+","+",NA,NA,"D",NA,"PA","1",4,0
NA,NA,"Fattah","Chaka","+",NA,NA,NA,NA,NA,"D",NA,"PA","2",1,0
"K000376",412465,"Kelly","Mike","-","-","-","-","-","-","R","kelly mike","PA","3",6,0
"P000605",412569,"Perry","Scott","-","-","-","-","-","-","R","perry scott","PA","4",6,0
"T000467",412317,"Thompson","Glenn W.","-","-","-","-","-","-","R","thompson glenn w,thompson glenn","PA","5",6,0
NA,NA,"Gerlach","Jim","-",NA,NA,NA,NA,NA,"R",NA,"PA","6",1,0
NA,NA,"Meehan","Patrick","-","-","+",NA,NA,NA,"R",NA,"PA","7",3,1
NA,NA,"Fitzpatrick","Michael","-","-",NA,NA,NA,NA,"R",NA,"PA","8",2,0
NA,NA,"Shuster","Bill",NA,"-","-",NA,NA,NA,"R",NA,"PA","9",2,0
NA,NA,"Marino","Tom","-","-","-","-",NA,NA,"R",NA,"PA","10",4,0
NA,NA,"Barletta","Lou","-","-","-","-",NA,NA,"R",NA,"PA","11",4,0
NA,NA,"Rothfus","Keith J.","-","-","-","-",NA,NA,"R",NA,"PA","12",4,0
NA,NA,"Schwartz","Allyson Y.","+",NA,NA,NA,NA,NA,"D",NA,"PA","13",1,0
"D000482",400114,"Doyle","Mike","+","+","+","+","+","+","D","doyle mike","PA","14",6,0
NA,NA,"Dent","Charlie","-","-","-",NA,NA,NA,"R",NA,"PA","15",3,0
NA,NA,"Pitts","Joe","-","-",NA,NA,NA,NA,"R",NA,"PA","16",2,0
"C001090",412571,"Cartwright","Matt A.","+","+","+","+","+","+","D","cartwright matt a,cartwright matt","PA","17",6,0
NA,NA,"Murphy","Tim","-","-","-",NA,NA,NA,"R",NA,"PA","18",3,0
"C001084",412470,"Cicilline","David","+","+","+","+","+","+","D","cicilline david","RI","1",6,0
"L000559",400230,"Langevin","Jim","+","+","+","+","+","+","D","langevin jim","RI","2",6,0
NA,NA,"Sanford","Mark","-","-","+","+",NA,NA,"R",NA,"SC","1",4,1
"W000795",400433,"Wilson","Joe","-","-","-","-","-","-","R","wilson joe","SC","2",6,0
"D000615",412472,"Duncan","Jeff","-","-","-","-","-","-","R","duncan jeff","SC","3",6,0
NA,NA,"Gowdy","Trey","-","-","-","-",NA,NA,"R",NA,"SC","4",4,0
NA,NA,"Mulvaney","Mick","-","-",NA,NA,NA,NA,"R",NA,"SC","5",2,0
"C000537",400075,"Clyburn","James E.","+","+",NA,"+","+","+","D","clyburn james e,clyburn james","SC","6",5,0
"R000597",412572,"Rice","Tom","-","-","-","-","-","-","R","rice tom","SC","7",6,0
NA,NA,"Noem","Kristi",NA,"-","-","-",NA,NA,"R",NA,"SD","0",3,0
NA,NA,"Roe","Phil","-","-","-","-","-",NA,"R","roe phil","TN","1",5,0
NA,NA,"Duncan","Jr.","-","-","-","-",NA,NA,"R",NA,"TN","2",4,0
"F000459",412476,"Fleischmann","Chuck","-","-","-","-","-","-","R","fleischmann chuck","TN","3",6,0
"D000616",412477,"DesJarlais","Scott","-","-","-","-","-","-","R","desjarlais scott","TN","4",6,0
"C000754",400081,"Cooper","Jim","+","+","+","+","+","+","D","cooper jim","TN","5",6,0
NA,NA,"Black","Diane","-","-","-",NA,NA,NA,"R",NA,"TN","6",3,0
NA,NA,"Blackburn","Marsha","-","-","-",NA,NA,NA,"R",NA,"TN","7",3,0
NA,NA,"Fincher","Stephen","-","-",NA,NA,NA,NA,"R",NA,"TN","8",2,0
"C001068",412236,"Cohen","Steve","+","+","+","+","+","+","D","cohen steve","TN","9",6,0
"G000552",400651,"Gohmert","Louie","-","-","-","-","-","-","R","gohmert louie","TX","1",6,0
NA,NA,"Poe","Ted","-",NA,NA,"-",NA,NA,"R",NA,"TX","2",2,0
NA,NA,"Johnson","Sam","-","-","-","-",NA,NA,"R",NA,"TX","3",4,0
NA,NA,"Hall","Ralph","-",NA,NA,NA,NA,NA,"R",NA,"TX","4",1,0
NA,NA,"Hensarling","Jeb","-","-","-","-",NA,NA,"R",NA,"TX","5",4,0
NA,NA,"Barton","Joe","-","-","-","-",NA,NA,"R",NA,"TX","6",4,0
NA,NA,"Culberson","John A.","-","-","-","-",NA,NA,"R",NA,"TX","7",4,0
"B000755",400046,"Brady","Kevin P.","-",NA,"-","-","-","-","R","brady kevin p,brady kevin","TX","8",5,0
"G000553",400653,"Green","Al","+","+","+","+","+","+","D","green al","TX","9",6,0
"M001157",400654,"McCaul","Michael T.","-","-","-","-","-","-","R","mccaul michael t,mccaul michael","TX","10",6,0
NA,NA,"Conaway","K. Michael","-","-","-","-","-",NA,"R","conaway k michael","TX","11",5,0
"G000377",400157,"Granger","Kay","-","-","-","-","-","-","R","granger kay","TX","12",6,0
NA,NA,"Thornberry","Mac","-","-","-","-","-",NA,"R","thornberry mac","TX","13",5,0
"W000814",412574,"Weber","Randy K.","-","-","-","-","-","-","R","weber randy k,weber randy","TX","14",6,0
NA,NA,"Hinojosa","Ruben","+","+",NA,NA,NA,NA,"D",NA,"TX","15",2,0
NA,NA,"O'Rourke","Beto","+","+","+","+",NA,NA,"D",NA,"TX","16",4,0
NA,NA,"Flores","Bill","-","-","-","-","-",NA,"R","flores bill","TX","17",5,0
"J000032",400199,"Jackson Lee","Sheila","+","+","+","+","+","+","D","jackson lee sheila","TX","18",6,0
NA,NA,"Neugebauer","Randy","-","-",NA,NA,NA,NA,"R",NA,"TX","19",2,0
"C001091",412576,"Castro","Joaquin","+","+","+","+","+","+","D","castro joaquin","TX","20",6,0
NA,NA,"Smith","Lamar S.","-","-","-","-",NA,NA,"R",NA,"TX","21",4,0
NA,NA,"Olson","Pete","-","-","-","-","-",NA,"R","olson pete","TX","22",5,0
NA,NA,"Gallego","Pete P.","-",NA,NA,NA,NA,NA,"D",NA,"TX","23",1,0
NA,NA,"Marchant","Kenny E.","-","-","-","-","-",NA,"R","marchant kenny e","TX","24",5,0
"W000816",412578,"Williams","Roger","-","-","-","-","-","-","R","williams roger","TX","25",6,0
"B001248",400052,"Burgess","Michael C.","-","-","-","-","-","-","R","burgess michael c,burgess michael","TX","26",6,0
NA,NA,"Farenthold","Blake","-","-","-",NA,NA,NA,"R",NA,"TX","27",3,0
"C001063",400657,"Cuellar","Henry","-","-","-","-","+","+","D","cuellar henry","TX","28",6,1
NA,NA,"Green","Gene","-","+","+","+",NA,NA,"D",NA,"TX","29",4,1
"J000126",400204,"Johnson","Eddie Bernice","+","+","+","+","+","+","D","johnson eddie bernice","TX","30",6,0
"C001051",400068,"Carter","John R.","-","-","-","-","-","-","R","carter john r,carter john","TX","31",6,0
"S000250",400367,"Sessions","Pete","-","-","-","-",NA,"-","R","sessions pete","TX","32",5,0
"V000131",412579,"Veasey","Marc A.","+","-","+","+","+","+","D","veasey marc a,veasey marc","TX","33",6,2
"V000132",412580,"Vela","Filemon","-","+","+","+","+","+","D","vela filemon","TX","34",6,1
"D000399",400111,"Doggett","Lloyd A.","+","+","+","+","+","+","D","doggett lloyd a,doggett lloyd","TX","35",6,0
NA,NA,"Stockman","Steve","-",NA,NA,NA,NA,NA,"R",NA,"TX","36",1,0
NA,NA,"Bishop","Rob","-","-","-","-","-",NA,"R","bishop rob","UT","1",5,0
"S001192",412581,"Stewart","Chris","-","-","-","-","-","-","R","stewart chris","UT","2",6,0
NA,NA,"Chaffetz","Jason","-","-",NA,NA,NA,NA,"R",NA,"UT","3",2,0
NA,NA,"Matheson","Jim","-",NA,NA,NA,NA,NA,"D",NA,"UT","4",1,0
"W000800",412239,"Welch","Peter F.","+","+","+","+","+","+","D","welch peter f,welch peter","VT","0",6,0
"W000804",412255,"Wittman","Rob","-","-","-","-","-","-","R","wittman rob","VA","1",6,0
NA,NA,"Rigell","Scott","-","-",NA,NA,NA,NA,"R",NA,"VA","2",2,0
"S000185",400364,"Scott","Robert C.","+","+","+","+","+","+","D","scott robert c,scott robert","VA","3",6,0
NA,NA,"Forbes","J. Randy","-","-",NA,NA,NA,NA,"R",NA,"VA","4",2,0
NA,NA,"Hurt","Robert",NA,"-",NA,NA,NA,NA,"R",NA,"VA","5",1,0
NA,NA,"Goodlatte","Bob","-","-","-","-",NA,NA,"R",NA,"VA","6",4,0
NA,NA,"Cantor","Eric","-",NA,NA,NA,NA,NA,"R",NA,"VA","7",1,0
NA,NA,"Moran","James P.","+",NA,NA,NA,NA,NA,"D",NA,"VA","8",1,0
"G000568",412485,"Griffith","Morgan","-","-","-","-","-","-","R","griffith morgan","VA","9",6,0
NA,NA,"Wolf","Frank","-",NA,NA,NA,NA,NA,"R",NA,"VA","10",1,0
"C001078",412272,"Connolly","Gerald E.","+","+","+","+","+","+","D","connolly gerald e,connolly gerald","VA","11",6,0
"D000617",412505,"DelBene","Suzan K.","+","+","+","+","+","+","D","delbene suzan k,delbene suzan","WA","1",6,0
"L000560",400232,"Larsen","Rick","+","+","+","+","+","+","D","larsen rick","WA","2",6,0
"H001056",412486,"Herrera-Beutler","Jaime",NA,"-","-","-",NA,"-","R","herrera beutler jaime","WA","3",4,0
NA,NA,"Hastings","Doc","-",NA,NA,NA,NA,NA,"R",NA,"WA","4",1,0
"M001159",400659,"McMorris Rodgers","Cathy","-","-","-","-","-","-","R","mcmorris rodgers cathy","WA","5",6,0
"K000381",412583,"Kilmer","Derek","+","+","+","+","+","+","D","kilmer derek","WA","6",6,0
NA,NA,"McDermott","Jim","+","+",NA,NA,NA,NA,"D",NA,"WA","7",2,0
NA,NA,"Reichert","Dave","-","-","+","+",NA,NA,"R",NA,"WA","8",4,1
"S000510",400379,"Smith","Adam","+","+","+","+","+","+","D","smith adam","WA","9",6,0
NA,NA,"Heck","Denny","+","+","+","+","+",NA,"D","heck denny","WA","10",5,0
"M001180",412487,"McKinley","David","-","-","-","-","-","-","R","mckinley david","WV","1",6,0
NA,NA,"Capito","Shelley Moore","-",NA,NA,NA,NA,NA,"R",NA,"WV","2",1,0
NA,NA,"Rahall","Nick","+",NA,NA,NA,NA,NA,"D",NA,"WV","3",1,0
NA,NA,"Ryan","Paul","-",NA,NA,NA,NA,NA,"R",NA,"WI","1",1,0
"P000607",412585,"Pocan","Mark","+","+","+","+","+","+","D","pocan mark","WI","2",6,0
"K000188",400218,"Kind","Ron","+","+","+","+","+","+","D","kind ron","WI","3",6,0
"M001160",400661,"Moore","Gwen","+","+","+","+","+","+","D","moore gwen","WI","4",6,0
NA,NA,"Sensenbrenner","James F.","-","-","-","-","-",NA,"R","sensenbrenner james f","WI","5",5,0
NA,NA,"Petri","Tom","-",NA,NA,NA,NA,NA,"R",NA,"WI","6",1,0
NA,NA,"Duffy","Sean","-","-","-","-","-",NA,"R","duffy sean","WI","7",5,0
NA,NA,"Ribble","Reid","-","-",NA,NA,NA,NA,"R",NA,"WI","8",2,0
NA,NA,"Lummis","Cynthia M.",NA,"-",NA,NA,NA,NA,"R",NA,"WY","0",1,0
NA,NA,"Byrne","Bradley",NA,"-","-","-","-",NA,"R","byrne bradley","AL","1",4,0
"P000609",412608,"Palmer","Gary",NA,"-","-","-","-","-","R","palmer gary","AL","6",5,0
NA,NA,"McSally","Martha",NA,"-","-","-",NA,NA,"R",NA,"AZ","2",3,0
"G000574",412612,"Gallego","Ruben",NA,"+","+","+","+","+","D","gallego ruben","AZ","7",5,0
"H001072",412609,"Hill","French",NA,"-","-","-","-","-","R","hill french","AR","2",5,0
"W000821",412610,"Westerman","Bruce",NA,"-","-","-","-","-","R","westerman bruce","AR","4",5,0
"D000623",412613,"DeSaulnier","Mark",NA,"+","+","+","+","+","D","desaulnier mark","CA","11",5,0
NA,NA,"Knight","Steve",NA,"-","+","-",NA,NA,"R",NA,"CA","25",3,2
"A000371",412615,"Aguilar","Pete",NA,"+","+",NA,"+","+","D","aguilar pete","CA","31",4,0
"L000582",412616,"Lieu","Ted",NA,"+","+","+","+","+","D","lieu ted","CA","33",5,0
"T000474",412617,"Torres","Norma",NA,"+","+","+","+","+","D","torres norma","CA","35",5,0
NA,NA,"Walters","Mimi",NA,"-","-","-",NA,NA,"R",NA,"CA","45",3,0
"B001297",412619,"Buck","Ken",NA,"-","-","-","-","-","R","buck ken","CO","4",5,0
NA,NA,"Graham","Gwen",NA,"+",NA,NA,NA,NA,"D",NA,"FL","2",1,0
NA,NA,"Jolly","David W.",NA,"+",NA,NA,NA,NA,"R",NA,"FL","13",1,0
NA,NA,"Clawson","Curtis",NA,"-",NA,NA,NA,NA,"R",NA,"FL","19",1,0
NA,NA,"Curbelo","Carlos",NA,"+",NA,"+",NA,NA,"R",NA,"FL","26",2,0
"C001103",412622,"Carter","Buddy",NA,"-","-","-","-",NA,"R","carter buddy","GA","1",4,0
"H001071",412623,"Hice","Jody",NA,"-","-","-","-","-","R","hice jody","GA","10",5,0
"L000583",412624,"Loudermilk","Barry",NA,"-",NA,"-","-","-","R","loudermilk barry","GA","11",4,0
"A000372",412625,"Allen","Rick",NA,"-","-","-","-","-","R","allen rick","GA","12",5,0
NA,NA,"Takai","Mark",NA,NA,NA,NA,NA,NA,"D",NA,"HI","1",0,0
NA,NA,"Dold","Robert",NA,"+",NA,NA,NA,NA,"R",NA,"IL","10",1,0
"B001295",412629,"Bost","Mike",NA,"-","-","-","-","-","R","bost mike","IL","12",5,0
"L000585",412674,"LaHood","Darin",NA,"-","-","-","-","-","R","lahood darin","IL","18",5,0
NA,NA,"Blum","Rod",NA,"-","-","-",NA,NA,"R",NA,"IA","1",3,0
NA,NA,"Young","David",NA,"-","-","-",NA,NA,"R",NA,"IA","3",3,0
NA,NA,"Abraham","Ralph",NA,"-","-","-","-",NA,"R","abraham ralph","LA","5",4,0
"G000577",412631,"Graves","Garret",NA,"-","-","-","-",NA,"R","graves garret","LA","6",4,0
NA,NA,"Poliquin","Bruce",NA,"-","-","-",NA,NA,"R",NA,"ME","2",3,0
"C001101",412600,"Clark","Katherine M.",NA,"+","+","+","+","+","D","clark katherine m,clark katherine","MA","5",5,0
"M001196",412632,"Moulton","Seth",NA,"+","+","+","+","+","D","moulton seth","MA","6",5,0
"M001194",412634,"Moolenaar","John",NA,"-","-","-","-","-","R","moolenaar john","MI","4",5,0
NA,NA,"Bishop","Mike",NA,"-","-","-",NA,NA,"R",NA,"MI","8",3,0
NA,NA,"Trott","Dave",NA,"-","-","-",NA,NA,"R",NA,"MI","11",3,0
"D000624",412637,"Dingell","Debbie",NA,"+","+","+","+","+","D","dingell debbie","MI","12",5,0
"L000581",412638,"Lawrence","Brenda",NA,"+","+","+","+","+","D","lawrence brenda","MI","14",5,0
"E000294",412639,"Emmer","Tom",NA,"-","-","-",NA,"-","R","emmer tom","MN","6",4,0
"K000388",412673,"Kelly","Trent",NA,"-","-","-","-","-","R","kelly trent","MS","1",5,0
NA,NA,"Zinke","Ryan",NA,"-",NA,NA,NA,NA,"R",NA,"MT","0",1,0
NA,NA,"Ashford","Brad",NA,"-",NA,NA,NA,NA,"D",NA,"NE","2",1,0
NA,NA,"Hardy","Cresent",NA,"-",NA,NA,NA,NA,"R",NA,"NV","4",1,0
NA,NA,"Guinta","Frank",NA,"-",NA,NA,NA,NA,"R",NA,"NH","1",1,0
"N000188",412606,"Norcross","Donald W.",NA,"+","+","+","+",NA,"D","norcross donald w,norcross donald","NJ","1",4,0
NA,NA,"MacArthur","Tom",NA,"-","-","-",NA,NA,"R",NA,"NJ","3",3,0
"W000822",412644,"Watson Coleman","Bonnie",NA,"+",NA,"+","+","+","D","watson coleman bonnie","NJ","12",4,0
"Z000017",412646,"Zeldin","Lee",NA,"-","-","-","-","-","R","zeldin lee","NY","1",5,0
"R000602",412647,"Rice","Kathleen",NA,"+","+",NA,"+","+","D","rice kathleen","NY","4",4,0
NA,NA,"Donovan","Daniel M.",NA,"-","-","-",NA,NA,"R",NA,"NY","11",3,0
"S001196",412648,"Stefanik","Elise",NA,"+","+","+","+","-","R","stefanik elise","NY","21",5,1
"K000386",412649,"Katko","John",NA,"+","+","+","+","+","R","katko john","NY","24",5,0
NA,NA,"Walker","Bradley Mark",NA,"-","-","-","-",NA,"R","walker bradley mark","NC","6",4,0
"R000603",412641,"Rouzer","David",NA,"-","-","-","-","-","R","rouzer david","NC","7",5,0
"A000370",412607,"Adams","Alma",NA,"+","+","+","+","+","D","adams alma","NC","12",5,0
"D000626",412675,"Davidson","Warren",NA,"-","-","-","-","-","R","davidson warren","OH","8",5,0
NA,NA,"Russell","Steve",NA,"-","-","-",NA,NA,"R",NA,"OK","5",3,0
NA,NA,"Costello","Ryan",NA,"-","+","+",NA,NA,"R",NA,"PA","6",3,1
"B001296",412652,"Boyle","Brendan",NA,"+","+","+","+","+","D","boyle brendan","PA","13",5,0
NA,NA,"Ratcliffe","John",NA,"-","-","-","-",NA,"R","ratcliffe john","TX","4",4,0
NA,NA,"Hurd","Will",NA,"-","-","-","-",NA,"R","hurd will","TX","23",4,0
"B001291",412655,"Babin","Brian",NA,"-","-","-","-","-","R","babin brian","TX","36",5,0
NA,NA,"Love","Mia",NA,"-","-","-",NA,NA,"R",NA,"UT","4",3,0
NA,NA,"Brat","David Alan",NA,"-","-","-",NA,NA,"R",NA,"VA","7",3,0
"B001292",412657,"Beyer","Donald",NA,"+","+","+","+","+","D","beyer donald","VA","8",5,0
NA,NA,"Comstock","Barbara",NA,"-","-","-",NA,NA,"R",NA,"VA","10",3,0
"N000189",412660,"Newhouse","Dan",NA,"-","-","-","-","-","R","newhouse dan","WA","4",5,0
"M001195",412662,"Mooney","Alex",NA,"-","-","-","-","-","R","mooney alex","WV","2",5,0
NA,NA,"Jenkins","Evan",NA,"-","-","-",NA,NA,"R",NA,"WV","3",3,0
"G000576",412661,"Grothman","Glenn",NA,"-","-","-","-","-","R","grothman glenn","WI","6",5,0
"O000171",412682,"O'Halleran","Tom",NA,NA,"+","+","+","+","D","o halleran tom","AZ","1",4,0
"B001302",412683,"Biggs","Andy",NA,NA,"-","-","-","-","R","biggs andy","AZ","5",4,0
"K000389",412684,"Khanna","Ro",NA,NA,"+","+","+","+","D","khanna ro","CA","17",4,0
"P000613",412685,"Panetta","Jimmy",NA,NA,"+","+","+","+","D","panetta jimmy","CA","20",4,0
"C001112",412686,"Carbajal","Salud",NA,NA,"+","+","+","+","D","carbajal salud","CA","24",4,0
"G000585",412739,"Gomez","Jimmy",NA,NA,"+","+","+","+","D","gomez jimmy","CA","34",4,0
"B001300",412687,"Barragán","Nanette",NA,NA,"+","+","+","+","D","barrag n nanette","CA","44",4,0
"C001110",412688,"Correa","J.",NA,NA,"+","+","+","+","D","correa j","CA","46",4,0
"B001303",412689,"Blunt Rochester","Lisa",NA,NA,"+","+","+","+","D","blunt rochester lisa","DE","0",4,0
"G000578",412690,"Gaetz","Matt",NA,NA,"-",NA,"-","+","R","gaetz matt","FL","1",3,1
"D000628",412691,"Dunn","Neal",NA,NA,"-","-","-","-","R","dunn neal","FL","2",4,0
"R000609",412692,"Rutherford","John",NA,NA,"-","-","-","-","R","rutherford john","FL","4",4,0
"L000586",412693,"Lawson","Al",NA,NA,NA,"+","+","+","D","lawson al","FL","5",3,0
"M001202",412694,"Murphy","Stephanie",NA,NA,"+","+","+","+","D","murphy stephanie","FL","7",4,0
"S001200",412695,"Soto","Darren",NA,NA,"+","+","+","+","D","soto darren","FL","9",4,0
"D000627",412696,"Demings","Val",NA,NA,"+","+","+","+","D","demings val","FL","10",4,0
"C001111",412697,"Crist","Charlie",NA,NA,"+","+","+","+","D","crist charlie","FL","13",4,0
"M001199",412698,"Mast","Brian",NA,NA,"+","+","+","+","R","mast brian","FL","18",4,0
NA,NA,"Rooney","Francis",NA,NA,NA,"+","+",NA,"R","rooney francis","FL","19",2,0
"F000465",412700,"Ferguson","A. Drew",NA,NA,"-","-","-","-","R","ferguson a drew,ferguson a","GA","3",4,0
NA,NA,"Handel","Karen",NA,NA,"-","-",NA,NA,"R",NA,"GA","6",2,0
"K000391",412701,"Krishnamoorthi","Raja",NA,NA,"+","+","+","+","D","krishnamoorthi raja","IL","8",4,0
"B001299",412702,"Banks","Jim",NA,NA,"-","-","-","-","R","banks jim","IN","3",4,0
"H001074",412703,"Hollingsworth","Trey",NA,NA,"-","-","-","-","R","hollingsworth trey","IN","9",4,0
NA,NA,"Marshall","Roger",NA,NA,"-","-","-",NA,"R","marshall roger","KS","1",3,0
"E000298",412735,"Estes","Ron",NA,NA,"-","-","-","-","R","estes ron","KS","4",4,0
"C001108",412676,"Comer","James",NA,NA,"-","-","-","-","R","comer james","KY","1",4,0
"H001077",412705,"Higgins","Clay",NA,NA,"-","-","-","-","R","higgins clay","LA","3",4,0
"J000299",412706,"Johnson","Mike",NA,NA,"-","-","-",NA,"R","johnson mike","LA","4",3,0
"B001304",412707,"Brown","Anthony",NA,NA,"+","+","+","+","D","brown anthony","MD","4",4,0
"R000606",412708,"Raskin","Jamie",NA,NA,"+","+","+","+","D","raskin jamie","MD","8",4,0
"B001301",412709,"Bergman","Jack",NA,NA,"-","-","-","-","R","bergman jack","MI","1",4,0
NA,NA,"Mitchell","Paul",NA,NA,"-","-","-",NA,"R","mitchell paul","MI","10",3,0
NA,NA,"Lewis","Jason",NA,NA,"-","-",NA,NA,"R",NA,"MN","2",2,0
NA,NA,"Gianforte","Greg",NA,NA,"-","-","-",NA,"R","gianforte greg","MT","0",3,0
"B001298",412713,"Bacon","Don",NA,NA,"-","-","-","-","R","bacon don","NE","2",4,0
NA,NA,"Rosen","Jacky",NA,NA,"+","+",NA,NA,"D",NA,"NV","3",2,0
NA,NA,"Kihuen","Ruben",NA,NA,"+","+",NA,NA,"D",NA,"NV","4",2,0
"G000583",412714,"Gottheimer","Josh",NA,NA,"+","+","+","+","D","gottheimer josh","NJ","5",4,0
"S001201",412717,"Suozzi","Thomas",NA,NA,"+","+","+","+","D","suozzi thomas","NY","3",4,0
"E000297",412718,"Espaillat","Adriano",NA,NA,"+","+","+","+","D","espaillat adriano","NY","13",4,0
NA,NA,"Faso","John",NA,NA,"+","+",NA,NA,"R",NA,"NY","19",2,0
"T000478",412720,"Tenney","Claudia",NA,NA,"-","-",NA,"-","R","tenney claudia","NY","22",3,0
"B001305",412712,"Budd","Ted",NA,NA,"-","-","-","-","R","budd ted","NC","13",4,0
"E000296",412677,"Evans","Dwight",NA,NA,"+","+","+","+","D","evans dwight","PA","2",4,0
"F000466",412721,"Fitzpatrick","Brian",NA,NA,"+","+","+","+","R","fitzpatrick brian","PA","8",4,0
"S001199",412722,"Smucker","Lloyd",NA,NA,"-","-","-","-","R","smucker lloyd","PA","16",4,0
"N000190",412738,"Norman","Ralph",NA,NA,"-","-","-","-","R","norman ralph","SC","5",4,0
"K000392",412724,"Kustoff","David",NA,NA,"-","-","-","-","R","kustoff david","TN","8",4,0
"G000581",412725,"Gonzalez","Vicente",NA,NA,"-","+","+","+","D","gonzalez vicente","TX","15",4,1
"A000375",412726,"Arrington","Jodey",NA,NA,"-","-","-","-","R","arrington jodey","TX","19",4,0
NA,NA,"Taylor","Scott",NA,NA,"-","-",NA,NA,"R",NA,"VA","2",2,0
"M001200",412728,"McEachin","A. Donald",NA,NA,NA,"+","+","+","D","mceachin a donald","VA","4",3,0
NA,NA,"Garrett","Thomas",NA,NA,NA,"-",NA,NA,"R",NA,"VA","5",1,0
"J000298",412730,"Jayapal","Pramila",NA,NA,"+","+","+","+","D","jayapal pramila","WA","7",4,0
"G000579",412731,"Gallagher","Mike",NA,NA,"-","-","-","-","R","gallagher mike","WI","8",4,0
"C001109",412732,"Cheney","Liz",NA,NA,"-","-","-","-","R","cheney liz","WY","0",4,0
"C001115",412746,"Cloud","Michael",NA,NA,NA,"-","-","-","R","cloud michael","OH","10",3,0
"L000589",412745,"Lesko","Debbie",NA,NA,NA,"-","-","-","R","lesko debbie","OH","10",3,0
"L000588",412744,"Lamb","Conor",NA,NA,NA,"+","+","+","D","lamb conor","PA","18",3,0
"C001114",412740,"Curtis","John",NA,NA,NA,"-","-","-","R","curtis john","UT","3",3,0
"S001211",412753,"Stanton","Greg",NA,NA,NA,NA,"+","+","D","stanton greg","AZ","9",2,0
"H001090",412754,"Harder","Josh",NA,NA,NA,NA,"+","+","D","harder josh","CA","10",2,0
"P000618",412758,"Porter","Katie",NA,NA,NA,NA,"+","+","D","porter katie","CA","45",2,0
"L000593",412760,"Levin","Mike",NA,NA,NA,NA,"+","+","D","levin mike","CA","49",2,0
"N000191",412761,"Neguse","Joe",NA,NA,NA,NA,"+","+","D","neguse joe","CO","2",2,0
"C001121",412762,"Crow","Jason",NA,NA,NA,NA,"+","+","D","crow jason","CO","6",2,0
"H001081",412763,"Hayes","Jahana",NA,NA,NA,NA,"+","+","D","hayes jahana","CT","5",2,0
"W000823",412764,"Waltz","Michael",NA,NA,NA,NA,"+","-","R","waltz michael","FL","6",2,1
"S001214",412766,"Steube","Greg",NA,NA,NA,NA,"-","-","R","steube greg","FL","17",2,0
"M001208",412769,"McBath","Lucy",NA,NA,NA,NA,"+","+","D","mcbath lucy","GA","6",2,0
"C001055",400069,"Case","Ed",NA,NA,NA,NA,"+","+","D","case ed","HI","1",2,0
"F000469",412773,"Fulcher","Russ",NA,NA,NA,NA,"-",NA,"R","fulcher russ","ID","1",1,0
"G000586",412774,"García","Jesús",NA,NA,NA,NA,"+","+","D","garc a jes s","IL","4",2,0
"C001117",412775,"Casten","Sean",NA,NA,NA,NA,"+","+","D","casten sean","IL","6",2,0
"U000040",412776,"Underwood","Lauren",NA,NA,NA,NA,"+","+","D","underwood lauren","IL","14",2,0
"B001307",412777,"Baird","James",NA,NA,NA,NA,"-","-","R","baird james","IN","4",2,0
"P000615",412778,"Pence","Greg",NA,NA,NA,NA,"-","-","R","pence greg","IN","6",2,0
"A000378",412772,"Axne","Cynthia",NA,NA,NA,NA,"+","+","D","axne cynthia","IA","3",2,0
"D000629",412780,"Davids","Sharice",NA,NA,NA,NA,"+","+","D","davids sharice","KS","3",2,0
"G000592",412842,"Golden","Jared",NA,NA,NA,NA,"+","+","D","golden jared","ME","2",2,0
"T000483",412783,"Trone","David",NA,NA,NA,NA,"+",NA,"D","trone david","MD","6",1,0
"T000482",412781,"Trahan","Lori",NA,NA,NA,NA,"+","+","D","trahan lori","MA","3",2,0
"P000617",412782,"Pressley","Ayanna",NA,NA,NA,NA,"+","+","D","pressley ayanna","MA","7",2,0
"S001208",412784,"Slotkin","Elissa",NA,NA,NA,NA,"+","+","D","slotkin elissa","MI","8",2,0
"L000592",412785,"Levin","Andy",NA,NA,NA,NA,"+","+","D","levin andy","MI","9",2,0
"S001215",412786,"Stevens","Haley",NA,NA,NA,NA,"+","+","D","stevens haley","MI","11",2,0
"T000481",412787,"Tlaib","Rashida",NA,NA,NA,NA,"+","+","D","tlaib rashida","MI","13",2,0
"H001088",412788,"Hagedorn","Jim",NA,NA,NA,NA,"-","-","R","hagedorn jim","MN","1",2,0
"C001119",412789,"Craig","Angie",NA,NA,NA,NA,"+","+","D","craig angie","MN","2",2,0
"P000616",412790,"Phillips","Dean",NA,NA,NA,NA,"+","+","D","phillips dean","MN","3",2,0
"O000173",412791,"Omar","Ilhan",NA,NA,NA,NA,"+","+","D","omar ilhan","MN","5",2,0
"S001212",412792,"Stauber","Pete",NA,NA,NA,NA,"-","-","R","stauber pete","MN","8",2,0
"G000591",412793,"Guest","Michael",NA,NA,NA,NA,"-","-","R","guest michael","MS","3",2,0
"L000590",412802,"Lee","Susie",NA,NA,NA,NA,"+","+","D","lee susie","NV","3",2,0
"P000614",412795,"Pappas","Chris",NA,NA,NA,NA,"+","+","D","pappas chris","NH","1",2,0
"V000133",412796,"Van Drew","Jefferson",NA,NA,NA,NA,"+","+","R","van drew jefferson","NJ","2",2,0
"K000394",412797,"Kim","Andy",NA,NA,NA,NA,"+","+","D","kim andy","NJ","3",2,0
"M001203",412798,"Malinowski","Tom",NA,NA,NA,NA,"+","+","D","malinowski tom","NJ","7",2,0
"S001207",412799,"Sherrill","Mikie",NA,NA,NA,NA,"+","+","D","sherrill mikie","NJ","11",2,0
"H001080",412800,"Haaland","Debra",NA,NA,NA,NA,"+",NA,"D","haaland debra","NM","1",1,0
"O000172",412804,"Ocasio-Cortez","Alexandria",NA,NA,NA,NA,"+","+","D","ocasio cortez alexandria","NY","14",2,0
"D000630",412805,"Delgado","Antonio",NA,NA,NA,NA,"+","+","D","delgado antonio","NY","19",2,0
"M001206",412749,"Morelle","Joe",NA,NA,NA,NA,"+","+","D","morelle joe","NY","25",2,0
"A000377",412794,"Armstrong","Kelly",NA,NA,NA,NA,"-","-","R","armstrong kelly","ND","0",2,0
"B001306",412747,"Balderson","Troy",NA,NA,NA,NA,"-","-","R","balderson troy","OH","12",2,0
"G000588",412807,"Gonzalez","Anthony",NA,NA,NA,NA,"-","-","R","gonzalez anthony","OH","16",2,0
"H001082",412748,"Hern","Kevin",NA,NA,NA,NA,"-",NA,"R","hern kevin","OK","1",1,0
"D000631",412809,"Dean","Madeleine",NA,NA,NA,NA,"+","+","D","dean madeleine","PA","4",2,0
"S001205",412750,"Scanlon","Mary Gay",NA,NA,NA,NA,"+","+","D","scanlon mary gay,scanlon mary","PA","5",2,0
"H001085",412810,"Houlahan","Chrissy",NA,NA,NA,NA,"+","+","D","houlahan chrissy","PA","6",2,0
"W000826",412751,"Wild","Susan",NA,NA,NA,NA,"+","+","D","wild susan","PA","7",2,0
"M001204",412811,"Meuser","Daniel",NA,NA,NA,NA,"-","-","R","meuser daniel","PA","9",2,0
"K000395",412843,"Keller","Fred",NA,NA,NA,NA,"-","-","R","keller fred","PA","12",2,0
"J000302",412812,"Joyce","John",NA,NA,NA,NA,"-","-","R","joyce john","PA","13",2,0
"R000610",412813,"Reschenthaler","Guy",NA,NA,NA,NA,"-","-","R","reschenthaler guy","PA","14",2,0
"T000480",412815,"Timmons","William",NA,NA,NA,NA,"-","-","R","timmons william","SC","4",2,0
"J000301",412816,"Johnson","Dusty",NA,NA,NA,NA,"-","-","R","johnson dusty","SD","0",2,0
"B001309",412817,"Burchett","Tim",NA,NA,NA,NA,"-","-","R","burchett tim","TN","2",2,0
"R000612",412818,"Rose","John",NA,NA,NA,NA,"-","-","R","rose john","TN","6",2,0
"G000590",412819,"Green","Mark",NA,NA,NA,NA,"-","-","R","green mark","TN","7",2,0
"C001120",412820,"Crenshaw","Dan",NA,NA,NA,NA,"-","-","R","crenshaw dan","TX","2",2,0
"T000479",412821,"Taylor","Van",NA,NA,NA,NA,"-","-","R","taylor van","TX","3",2,0
"G000589",412822,"Gooden","Lance",NA,NA,NA,NA,"-","-","R","gooden lance","TX","5",2,0
"W000827",412823,"Wright","Ron",NA,NA,NA,NA,"-",NA,"R","wright ron","TX","6",1,0
"F000468",412824,"Fletcher","Lizzie",NA,NA,NA,NA,"+","+","D","fletcher lizzie","TX","7",2,0
"E000299",412825,"Escobar","Veronica",NA,NA,NA,NA,"+","+","D","escobar veronica","TX","16",2,0
"R000614",412826,"Roy","Chip",NA,NA,NA,NA,"-","-","R","roy chip","TX","21",2,0
"G000587",412827,"Garcia","Sylvia",NA,NA,NA,NA,"+","+","D","garcia sylvia","TX","29",2,0
"A000376",412828,"Allred","Colin",NA,NA,NA,NA,"+","+","D","allred colin","TX","32",2,0
"L000591",412830,"Luria","Elaine",NA,NA,NA,NA,"+","+","D","luria elaine","VA","2",2,0
"C001118",412832,"Cline","Ben",NA,NA,NA,NA,"-","-","R","cline ben","VA","6",2,0
"S001209",412833,"Spanberger","Abigail",NA,NA,NA,NA,"+","+","D","spanberger abigail","VA","7",2,0
"W000825",412834,"Wexton","Jennifer",NA,NA,NA,NA,"+","+","D","wexton jennifer","VA","10",2,0
"S001216",412835,"Schrier","Kim",NA,NA,NA,NA,"+","+","D","schrier kim","WA","8",2,0
"M001205",412837,"Miller","Carol",NA,NA,NA,NA,"-","-","R","miller carol","WV","3",2,0
"S001213",412836,"Steil","Bryan",NA,NA,NA,NA,"-","-","R","steil bryan","WI","1",2,0
NA,NA,"Radewagen","Amata Coleman",NA,NA,NA,NA,"-",NA,"R","radewagen amata coleman","AS","0",1,0
NA,NA,"Cox","TJ",NA,NA,NA,NA,"+",NA,"D","cox tj","CA","21",1,0
NA,NA,"Hill","Katie",NA,NA,NA,NA,"+",NA,"D","hill katie","CA","25",1,0
NA,NA,"Cisneros","Gilbert",NA,NA,NA,NA,"+",NA,"D","cisneros gilbert","CA","39",1,0
NA,NA,"Rouda","Harley",NA,NA,NA,NA,"+",NA,"D","rouda harley","CA","48",1,0
NA,NA,"Norton","Eleanor Holmes",NA,NA,NA,NA,"+",NA,"D","norton eleanor holmes","DC","0",1,0
NA,NA,"Spano","Ross",NA,NA,NA,NA,"-",NA,"R","spano ross","FL","15",1,0
NA,NA,"Mucarsel-Powell","Debbie",NA,NA,NA,NA,"+",NA,"D","mucarsel powell debbie","FL","26",1,0
NA,NA,"Shalala","Donna",NA,NA,NA,NA,"+",NA,"D","shalala donna","FL","27",1,0
NA,NA,"San Nicolas","Michael",NA,NA,NA,NA,"+",NA,"D","san nicolas michael","GU","0",1,0
NA,NA,"Finkenauer","Abby",NA,NA,NA,NA,"+",NA,"D","finkenauer abby","IA","1",1,0
NA,NA,"Watkins","Steven",NA,NA,NA,NA,"-",NA,"R","watkins steven","KS","2",1,0
NA,NA,"Torres Small","Xochitl",NA,NA,NA,NA,"+",NA,"D","torres small xochitl","NM","2",1,0
NA,NA,"Rose","Max",NA,NA,NA,NA,"+",NA,"D","rose max","NY","11",1,0
NA,NA,"Brindisi","Anthony",NA,NA,NA,NA,"+",NA,"D","brindisi anthony","NY","22",1,0
NA,NA,"Sablan","Gregorio Kilili Camacho",NA,NA,NA,NA,"+",NA,"D","sablan gregorio kilili camacho","MP","0",1,0
NA,NA,"Horn","Kendra",NA,NA,NA,NA,"+",NA,"D","horn kendra","OK","5",1,0
NA,NA,"González-Colón","Jenniffer",NA,NA,NA,NA,"-",NA,"R","gonz lez col n jenniffer","PR","0",1,0
NA,NA,"Cunningham","Joe",NA,NA,NA,NA,"+",NA,"D","cunningham joe","SC","1",1,0
NA,NA,"McAdams","Ben",NA,NA,NA,NA,"+",NA,"D","mcadams ben","UT","4",1,0
NA,NA,"Plaskett","Stacey",NA,NA,NA,NA,"+",NA,"D","plaskett stacey","VI","0",1,0
NA,NA,"Riggleman","Denver",NA,NA,NA,NA,"-",NA,"R","riggleman denver","VA","5",1,0
"O000019",456801,"Obernolte","Jay",NA,NA,NA,NA,NA,"-","R","obernolte jay","CA","8",1,0
"V000129",412515,"Valadao","David",NA,NA,NA,NA,NA,"-","R","valadao david","CA","21",1,0
"G000061",456792,"Garcia","Mike",NA,NA,NA,NA,NA,"-","R","garcia mike","CA","25",1,0
"K000397",456802,"Kim","Young",NA,NA,NA,NA,NA,"+","R","kim young","CA","39",1,0
"S001135",456803,"Steel","Michelle",NA,NA,NA,NA,NA,"-","R","steel michelle","CA","48",1,0
"J000305",456804,"Jacobs","Sara",NA,NA,NA,NA,NA,"+","D","jacobs sara","CA","53",1,0
"G000597",456836,"Garbarino","Andrew",NA,NA,NA,NA,NA,"+","R","garbarino andrew","NY","2",1,0
"M000317",456837,"Malliotakis","Nicole",NA,NA,NA,NA,NA,"-","R","malliotakis nicole","NY","11",1,0
"T000486",456838,"Torres","Ritchie",NA,NA,NA,NA,NA,"+","D","torres ritchie","NY","15",1,0
"B001223",456839,"Bowman","Jamaal",NA,NA,NA,NA,NA,"+","D","bowman jamaal","NY","16",1,0
"J000306",456840,"Jones","Mondaire",NA,NA,NA,NA,NA,"+","D","jones mondaire","NY","17",1,0
"M001185",412562,"Maloney","Sean",NA,NA,NA,NA,NA,"+","D","maloney sean","NY","18",1,0
"J000020",456793,"Jacobs","Chris",NA,NA,NA,NA,NA,"-","R","jacobs chris","NY","27",1,0
"C001039",456806,"Cammack","Kat",NA,NA,NA,NA,NA,"-","R","cammack kat","FL","3",1,0
"F000472",456807,"Franklin","Scott",NA,NA,NA,NA,NA,"-","R","franklin scott","FL","15",1,0
"D000032",456808,"Donalds","Byron",NA,NA,NA,NA,NA,"-","R","donalds byron","FL","19",1,0
"G000593",456809,"GimÃ©nez","Carlos",NA,NA,NA,NA,NA,"-","R","gim nez carlos","FL","26",1,0
"S000168",456810,"Salazar","Maria",NA,NA,NA,NA,NA,"+","R","salazar maria","FL","27",1,0
"C001054",456799,"Carl","Jerry",NA,NA,NA,NA,NA,"-","R","carl jerry","AL","1",1,0
"M001212",456800,"Moore","Barry",NA,NA,NA,NA,NA,"-","R","moore barry","AL","2",1,0
"K000396",456815,"Kahele","KaialiÊ»i",NA,NA,NA,NA,NA,"+","D","kahele kaiali i","HI","2",1,0
"B001224",456829,"Bush","Cori",NA,NA,NA,NA,NA,"+","D","bush cori","MO","1",1,0
"H001086",456844,"Harshbarger","Diana",NA,NA,NA,NA,NA,"-","R","harshbarger diana","TN","1",1,0
"C001125",456860,"Carter","Troy",NA,NA,NA,NA,NA,"+","D","carter troy","LA","2",1,0
"L000595",456859,"Letlow","Julia",NA,NA,NA,NA,NA,"-","R","letlow julia","LA","5",1,0
"M001186",456826,"Meijer","Peter",NA,NA,NA,NA,NA,"+","R","meijer peter","MI","3",1,0
"M001136",456827,"McClain","Lisa",NA,NA,NA,NA,NA,"-","R","mcclain lisa","MI","10",1,0
"C001126",456864,"Carey","Mike",NA,NA,NA,NA,NA,NA,"R","carey mike","OH","0",0,0
"B001313",456863,"Brown","Shontel",NA,NA,NA,NA,NA,NA,"D","brown shontel","OH","0",0,0
"F000470",456828,"Fischbach","Michelle",NA,NA,NA,NA,NA,"-","R","fischbach michelle","MN","7",1,0
"F000471",456855,"Fitzgerald","Scott",NA,NA,NA,NA,NA,"-","R","fitzgerald scott","WI","5",1,0
"T000165",456791,"Tiffany","Tom",NA,NA,NA,NA,NA,"-","R","tiffany tom","WI","7",1,0
"W000788",456811,"Williams","Nikema",NA,NA,NA,NA,NA,"+","D","williams nikema","GA","5",1,0
"B001312",456812,"Bourdeaux","Carolyn",NA,NA,NA,NA,NA,"+","D","bourdeaux carolyn","GA","7",1,0
"C001116",456813,"Clyde","Andrew",NA,NA,NA,NA,NA,"-","R","clyde andrew","GA","9",1,0
"G000596",456814,"Greene","Marjorie",NA,NA,NA,NA,NA,"-","R","greene marjorie","GA","14",1,0
"M000687",407672,"Mfume","Kweisi",NA,NA,NA,NA,NA,"+","D","mfume kweisi","MD","7",1,0
"F000246",456845,"Fallon","Pat",NA,NA,NA,NA,NA,"-","R","fallon pat","TX","4",1,0
"E000071",456862,"Ellzey","Jake",NA,NA,NA,NA,NA,NA,"R","ellzey jake","TX","6",0,0
"P000048",456846,"Pfluger","August",NA,NA,NA,NA,NA,"-","R","pfluger august","TX","11",1,0
"J000304",456847,"Jackson","Ronny",NA,NA,NA,NA,NA,"-","R","jackson ronny","TX","13",1,0
"N000026",456848,"Nehls","Troy",NA,NA,NA,NA,NA,"-","R","nehls troy","TX","22",1,0
"G000594",456849,"Gonzales","Tony",NA,NA,NA,NA,NA,"-","R","gonzales tony","TX","23",1,0
"V000134",456850,"Van Duyne","Beth",NA,NA,NA,NA,NA,"-","R","van duyne beth","TX","24",1,0
"R000103",456830,"Rosendale","Matt",NA,NA,NA,NA,NA,"-","R","rosendale matt","MT","0",1,0
"B000825",456805,"Boebert","Lauren",NA,NA,NA,NA,NA,"-","R","boebert lauren","CO","3",1,0
"N000192",456819,"Newman","Marie",NA,NA,NA,NA,NA,"+","D","newman marie","IL","3",1,0
"M001211",456820,"Miller","Mary",NA,NA,NA,NA,NA,"-","R","miller mary","IL","15",1,0
"S001218",456861,"Stansbury","Melanie",NA,NA,NA,NA,NA,"+","D","stansbury melanie","NM","1",1,0
"H001084",456834,"Herrell","Yvette",NA,NA,NA,NA,NA,"-","R","herrell yvette","NM","2",1,0
"L000273",456835,"Fernandez","Teresa",NA,NA,NA,NA,NA,"+","D","fernandez teresa","NM","3",1,0
"M001213",456851,"Moore","Blake",NA,NA,NA,NA,NA,"-","R","moore blake","UT","1",1,0
"O000086",456852,"Owens","Burgess",NA,NA,NA,NA,NA,"-","R","owens burgess","UT","4",1,0
"B000668",456842,"Bentz","Cliff",NA,NA,NA,NA,NA,"-","R","bentz cliff","OR","2",1,0
"B000740",456841,"Bice","Stephanie",NA,NA,NA,NA,NA,"-","R","bice stephanie","OK","5",1,0
"H001091",456816,"Hinson","Ashley",NA,NA,NA,NA,NA,"-","R","hinson ashley","IA","1",1,0
"M001215",456817,"Miller-Meeks","Mariannette",NA,NA,NA,NA,NA,"-","R","miller meeks mariannette","IA","2",1,0
"F000446",456818,"Feenstra","Randy",NA,NA,NA,NA,NA,"-","R","feenstra randy","IA","4",1,0
"A000148",456825,"Auchincloss","Jake",NA,NA,NA,NA,NA,"+","D","auchincloss jake","MA","4",1,0
"M001214",456821,"Mrvan","Frank",NA,NA,NA,NA,NA,"+","D","mrvan frank","IN","1",1,0
"S000929",456822,"Spartz","Victoria",NA,NA,NA,NA,NA,"-","R","spartz victoria","IN","5",1,0
"R000305",456831,"Ross","Deborah",NA,NA,NA,NA,NA,"+","D","ross deborah","NC","2",1,0
"M001210",412845,"Murphy","Greg",NA,NA,NA,NA,NA,"-","R","murphy greg","NC","3",1,0
"M001135",456832,"Manning","Kathy",NA,NA,NA,NA,NA,"+","D","manning kathy","NC","6",1,0
"B001311",412844,"Bishop","Dan",NA,NA,NA,NA,NA,"-","R","bishop dan","NC","9",1,0
"C001104",456833,"Cawthorn","Madison",NA,NA,NA,NA,NA,"-","R","cawthorn madison","NC","11",1,0
"G000595",456853,"Good","Robert",NA,NA,NA,NA,NA,"-","R","good robert","VA","5",1,0
"S001159",456854,"Strickland","Marilyn",NA,NA,NA,NA,NA,"+","D","strickland marilyn","WA","10",1,0
"M000194",456843,"Mace","Nancy",NA,NA,NA,NA,NA,"+","R","mace nancy","SC","1",1,0
"M000871",456823,"Mann","Tracey",NA,NA,NA,NA,NA,"-","R","mann tracey","KS","1",1,0
"L000266",456824,"LaTurner","Jake",NA,NA,NA,NA,NA,"-","R","laturner jake","KS","2",1,0
